"SPOL",OBČINE,2023H2 Starost - SKUPAJ,2023H2 0-14 let,2023H2 15-64 let,2023H2 65 + let,2023H2 0-4 let,2023H2 5-9 let,2023H2 10-14 let,2023H2 15-19 let,2023H2 20-24 let,2023H2 25-29 let,2023H2 30-34 let,2023H2 35-39 let,2023H2 40-44 let,2023H2 45-49 let,2023H2 50-54 let,2023H2 55-59 let,2023H2 60-64 let,2023H2 65-69 let,2023H2 70-74 let,2023H2 75-79 let,2023H2 80-84 let,2023H2 85-89 let,2023H2 90-94 let,2023H2 95-99 let,2023H2 100 + let
"Spol - SKUPAJ",SLOVENIJA,2120937,315372,1347055,458510,94406,106472,114494,101136,102598,112128,123892,144513,159910,158483,147054,152705,144636,138092,119190,79481,63894,38053,16070,3359,371
"Spol - SKUPAJ",Ajdovščina,19898,3400,12375,4123,1045,1132,1223,975,729,1103,1263,1351,1425,1513,1324,1372,1320,1285,1155,584,575,350,135,31,8
"Spol - SKUPAJ",Ankaran/Ancarano,3368,429,2106,833,120,139,170,138,114,141,171,218,281,266,245,260,272,262,261,139,96,56,17,2,0
"Spol - SKUPAJ",Apače,3556,497,2280,779,131,171,195,144,132,149,191,256,298,279,261,281,289,262,219,135,96,42,18,6,1
"Spol - SKUPAJ",Beltinci,8099,1134,5188,1777,331,414,389,374,339,401,456,516,573,673,617,634,605,577,450,326,252,117,44,11,0
"Spol - SKUPAJ",Benedikt,2730,473,1867,390,155,159,159,160,146,173,190,208,232,214,179,177,188,153,91,57,52,23,13,1,0
"Spol - SKUPAJ",Bistrica ob Sotli,1346,173,873,300,47,63,63,68,63,65,67,73,122,109,114,104,88,85,77,65,41,22,7,2,1
"Spol - SKUPAJ",Bled,8129,1112,4909,2108,308,373,431,346,319,384,450,527,547,634,591,607,504,567,570,406,301,168,77,16,3
"Spol - SKUPAJ",Bloke,1558,247,971,340,79,81,87,63,57,88,104,103,92,109,101,127,127,99,89,48,49,39,15,1,0
"Spol - SKUPAJ",Bohinj,5256,739,3198,1319,220,258,261,245,217,260,311,292,366,353,347,432,375,375,334,248,167,122,63,9,1
"Spol - SKUPAJ",Borovnica,4709,870,2958,881,246,296,328,216,205,256,306,344,367,339,300,302,323,305,218,140,122,59,34,3,0
"Spol - SKUPAJ",Bovec,3050,309,1884,857,92,91,126,112,96,145,182,206,197,228,217,239,262,255,207,159,125,75,28,7,1
"Spol - SKUPAJ",Braslovče,5768,934,3620,1214,254,332,348,282,224,267,288,409,444,445,425,407,429,363,357,221,147,90,28,8,0
"Spol - SKUPAJ",Brda,5584,812,3384,1388,242,275,295,225,179,244,313,372,395,436,394,419,407,404,376,192,182,135,81,17,1
"Spol - SKUPAJ",Brezovica,12969,2247,8300,2422,632,753,862,746,657,656,706,869,973,1027,942,901,823,652,632,406,353,247,112,19,1
"Spol - SKUPAJ",Brežice,24402,3364,15262,5776,1013,1138,1213,1104,997,1145,1424,1608,1804,1885,1720,1802,1773,1754,1572,1011,738,476,190,34,1
"Spol - SKUPAJ",Cankova,1762,225,1146,391,90,59,76,66,71,103,96,136,114,129,135,150,146,145,115,55,36,24,15,1,0
"Spol - SKUPAJ",Celje,49104,7019,31223,10862,1975,2371,2673,2295,1963,2630,2854,3506,3866,3842,3272,3569,3426,3248,2756,1969,1508,916,376,86,3
"Spol - SKUPAJ",Cerklje na Gorenjskem,7832,1292,5050,1490,399,403,490,448,401,454,463,529,549,583,618,571,434,427,324,255,229,159,72,20,4
"Spol - SKUPAJ",Cerknica,11842,1903,7449,2490,581,635,687,583,433,622,770,819,840,822,828,907,825,716,591,383,392,279,105,22,2
"Spol - SKUPAJ",Cerkno,4481,682,2718,1081,218,219,245,217,139,218,248,272,301,338,309,333,343,347,323,163,137,73,31,6,1
"Spol - SKUPAJ",Cerkvenjak,2220,359,1503,358,119,124,116,80,101,157,153,182,202,167,164,157,140,126,106,59,45,16,6,0,0
"Spol - SKUPAJ",Cirkulane,2367,275,1599,493,76,93,106,121,103,118,136,178,203,165,174,186,215,187,130,76,63,32,5,0,0
"Spol - SKUPAJ",Črenšovci,3935,563,2470,902,157,207,199,194,170,186,216,241,308,346,287,233,289,315,265,166,94,44,14,2,2
"Spol - SKUPAJ",Črna na Koroškem,3155,380,1986,789,121,133,126,121,137,158,152,204,225,221,226,289,253,288,192,123,101,58,25,2,0
"Spol - SKUPAJ",Črnomelj,14253,2130,8707,3416,659,705,766,665,520,677,799,941,1062,1035,876,1016,1116,1130,905,514,405,312,130,19,1
"Spol - SKUPAJ",Destrnik,2669,394,1752,523,113,136,145,129,119,144,149,197,225,214,183,190,202,196,157,85,57,21,6,1,0
"Spol - SKUPAJ",Divača,4485,668,2893,924,202,228,238,185,155,208,282,336,382,344,319,343,339,312,236,143,118,81,28,4,2
"Spol - SKUPAJ",Dobje,973,167,622,184,56,57,54,54,26,72,44,73,69,70,77,81,56,55,45,39,32,9,3,1,0
"Spol - SKUPAJ",Dobrepolje,3957,606,2548,803,190,195,221,216,201,201,236,255,291,249,271,314,314,258,166,131,119,83,35,11,0
"Spol - SKUPAJ",Dobrna,2325,387,1501,437,129,128,130,105,106,136,156,176,172,164,158,180,148,152,123,69,55,22,14,2,0
"Spol - SKUPAJ",Dobrova - Polhov Gradec,7984,1408,5154,1422,401,478,529,474,448,485,427,468,538,576,673,591,474,392,359,249,231,126,56,9,0
"Spol - SKUPAJ",Dobrovnik/Dobronak,1260,164,764,332,49,61,54,59,39,39,61,83,109,112,79,98,85,110,101,61,28,24,6,1,1
"Spol - SKUPAJ",Dol pri Ljubljani,6393,1135,4152,1106,314,386,435,371,307,325,398,475,471,565,433,404,403,341,295,240,129,69,27,5,0
"Spol - SKUPAJ",Dolenjske Toplice,3593,560,2302,731,153,189,218,187,132,199,231,227,265,266,251,280,264,260,174,133,93,45,21,5,0
"Spol - SKUPAJ",Domžale,37697,6317,24365,7015,1911,2054,2352,2026,1934,2015,2366,2635,2806,2880,2823,2677,2203,2052,1681,1312,1060,607,250,48,5
"Spol - SKUPAJ",Dornava,2935,400,1993,542,109,146,145,144,119,133,197,207,240,257,255,228,213,178,140,109,62,41,10,1,1
"Spol - SKUPAJ",Dravograd,8852,1301,5490,2061,407,438,456,383,336,504,526,541,577,597,648,724,654,597,472,370,297,216,89,19,1
"Spol - SKUPAJ",Duplek,7067,1067,4564,1436,284,376,407,318,312,328,434,441,553,528,549,559,542,496,388,245,194,82,26,5,0
"Spol - SKUPAJ",Gorenja vas - Poljane,7650,1561,4843,1246,482,523,556,477,403,484,448,521,545,478,489,518,480,392,300,183,173,137,45,15,1
"Spol - SKUPAJ",Gorišnica,4167,632,2708,827,181,235,216,195,201,207,246,300,320,300,309,308,322,260,186,150,125,71,25,9,1
"Spol - SKUPAJ",Gorje,2775,411,1737,627,133,125,153,145,111,149,174,175,200,200,199,205,179,179,169,116,90,48,20,5,0
"Spol - SKUPAJ",Gornja Radgona,8477,1114,5359,2004,320,404,390,348,302,427,485,548,659,607,650,686,647,591,546,363,297,137,59,11,0
"Spol - SKUPAJ",Gornji Grad,2592,344,1529,719,101,104,139,115,103,134,138,148,169,195,161,176,190,194,175,99,95,85,57,14,0
"Spol - SKUPAJ",Gornji Petrovci,1995,228,1159,608,64,80,84,62,70,75,96,149,136,135,150,142,144,219,175,97,70,29,14,3,1
"Spol - SKUPAJ",Grad,2010,251,1251,508,72,86,93,62,75,107,102,115,150,159,170,157,154,145,158,97,61,40,6,1,0
"Spol - SKUPAJ",Grosuplje,21722,3763,14146,3813,1120,1272,1371,1273,1181,1163,1325,1507,1707,1769,1499,1480,1242,1182,999,655,498,319,128,29,3
"Spol - SKUPAJ",Hajdina,3956,595,2466,895,176,196,223,178,177,184,221,269,320,301,313,259,244,292,223,170,126,58,25,1,0
"Spol - SKUPAJ",Hoče - Slivnica,11918,1742,7470,2706,501,605,636,550,553,552,642,772,920,859,900,896,826,808,644,474,440,249,74,16,1
"Spol - SKUPAJ",Hodoš/Hodos,360,40,209,111,13,17,10,10,12,9,11,23,22,29,18,38,37,35,36,14,11,12,2,1,0
"Spol - SKUPAJ",Horjul,3015,546,1777,692,166,189,191,169,147,142,181,182,197,195,186,188,190,150,165,94,115,110,47,9,2
"Spol - SKUPAJ",Hrastnik,8950,1101,5542,2307,310,395,396,375,348,429,454,598,639,597,585,719,798,750,585,389,323,168,74,15,3
"Spol - SKUPAJ",Hrpelje - Kozina,5194,772,3363,1059,245,260,267,205,182,260,342,407,440,397,388,383,359,321,314,180,144,75,22,2,1
"Spol - SKUPAJ",Idrija,11725,1684,7175,2866,463,557,664,525,462,601,662,696,786,855,897,838,853,728,811,462,438,254,135,35,3
"Spol - SKUPAJ",Ig,7830,1393,4974,1463,363,501,529,440,326,402,430,554,684,636,525,496,481,482,435,226,190,88,39,2,1
"Spol - SKUPAJ",Ilirska Bistrica,13356,1754,8054,3548,502,621,631,586,403,537,646,901,998,1005,984,1012,982,1078,942,562,532,268,125,38,3
"Spol - SKUPAJ",Ivančna Gorica,18022,3328,11812,2882,1067,1130,1131,947,859,1021,1246,1327,1377,1352,1218,1357,1108,966,756,431,382,234,95,17,1
"Spol - SKUPAJ",Izola/Isola,16429,2263,9978,4188,657,748,858,736,632,766,826,1082,1235,1231,1059,1148,1263,1313,1132,655,546,355,154,28,5
"Spol - SKUPAJ",Jesenice,21929,3136,13894,4899,942,1078,1116,1095,1076,1192,1292,1561,1678,1616,1355,1488,1541,1660,1306,847,579,342,129,35,1
"Spol - SKUPAJ",Jezersko,655,102,398,155,36,35,31,35,24,23,45,50,36,48,42,46,49,46,51,29,16,9,4,0,0
"Spol - SKUPAJ",Juršinci,2444,363,1510,571,113,131,119,116,77,121,155,165,167,197,174,170,168,160,140,98,78,60,27,8,0
"Spol - SKUPAJ",Kamnik,30093,4953,19177,5963,1449,1626,1878,1570,1449,1585,1774,2078,2323,2316,1998,2065,2019,1896,1588,946,788,480,219,41,5
"Spol - SKUPAJ",Kanal,5157,693,3165,1299,203,204,286,220,169,212,263,322,388,396,390,393,412,399,322,205,200,114,45,12,2
"Spol - SKUPAJ",Kidričevo,6605,978,4203,1424,314,318,346,309,284,320,348,483,484,501,485,512,477,457,350,255,188,118,48,8,0
"Spol - SKUPAJ",Kobarid,4030,576,2445,1009,130,204,242,154,139,177,198,270,295,276,260,334,342,288,300,150,136,89,38,7,1
"Spol - SKUPAJ",Kobilje,519,63,323,133,13,23,27,20,22,24,23,30,38,39,39,46,42,37,37,30,18,7,2,2,0
"Spol - SKUPAJ",Kočevje,15648,2288,9619,3741,667,778,843,707,633,713,883,1019,1293,1091,965,1084,1231,1264,1014,516,452,317,144,33,1
"Spol - SKUPAJ",Komen,3535,461,2182,892,120,164,177,172,97,145,172,209,276,269,281,292,269,286,253,138,114,76,21,4,0
"Spol - SKUPAJ",Komenda,6684,1295,4353,1036,365,452,478,414,351,348,380,472,610,563,498,402,315,313,265,185,159,78,31,5,0
"Spol - SKUPAJ",Koper/Capodistria,53915,7693,34239,11983,2153,2661,2879,2568,2714,2516,2951,3663,4253,4332,3870,3765,3607,3635,3141,2020,1645,1005,437,89,11
"Spol - SKUPAJ",Kostanjevica na Krki,2463,368,1565,530,94,129,145,117,99,114,146,178,166,184,177,205,179,172,127,97,75,44,12,2,1
"Spol - SKUPAJ",Kostel,620,51,365,204,14,19,18,29,16,25,22,29,35,46,43,58,62,56,61,35,29,16,7,0,0
"Spol - SKUPAJ",Kozje,2998,421,1912,665,134,143,144,142,100,160,147,183,211,212,242,267,248,201,176,119,76,66,23,4,0
"Spol - SKUPAJ",Kranj,57081,9014,36341,11726,2617,3066,3331,2858,2821,3020,3376,4054,4385,4317,3952,3865,3693,3387,2911,2095,1743,1081,420,76,13
"Spol - SKUPAJ",Kranjska Gora,5236,587,3049,1600,176,193,218,211,165,191,261,291,356,407,350,418,399,443,426,287,215,150,62,16,1
"Spol - SKUPAJ",Križevci,3558,455,2222,881,149,137,169,154,119,177,216,208,241,282,289,277,259,258,250,162,120,58,26,7,0
"Spol - SKUPAJ",Krško,25992,4164,16333,5495,1306,1408,1450,1223,1118,1401,1526,1814,1893,1853,1767,1856,1882,1738,1425,926,700,462,200,39,5
"Spol - SKUPAJ",Kungota,5014,691,3249,1074,202,213,276,250,208,239,256,354,397,415,376,373,381,347,301,187,138,78,21,2,0
"Spol - SKUPAJ",Kuzma,1630,224,1000,406,70,84,70,74,58,68,94,98,97,150,126,116,119,78,120,93,58,36,15,6,0
"Spol - SKUPAJ",Laško,13040,1844,8208,2988,562,609,673,583,504,653,723,902,895,935,956,1035,1022,870,780,542,422,245,108,21,0
"Spol - SKUPAJ",Lenart,8615,1251,5353,2011,371,455,425,391,370,413,496,550,652,614,607,683,577,590,515,390,254,144,93,25,0
"Spol - SKUPAJ",Lendava/Lendva,10202,1222,6181,2799,401,419,402,376,297,462,533,650,731,760,709,795,868,928,794,479,336,166,81,15,0
"Spol - SKUPAJ",Litija,15822,2479,10228,3115,721,853,905,764,734,878,953,1138,1226,1101,1078,1224,1132,1035,834,521,398,222,86,18,1
"Spol - SKUPAJ",Ljubljana,297432,42235,194797,60400,12971,14043,15221,14063,21923,17936,18205,21254,23286,21840,19469,19352,17469,16630,15493,10700,8729,5612,2562,595,79
"Spol - SKUPAJ",Ljubno,2530,422,1594,514,128,149,145,100,105,117,171,163,174,168,187,206,203,162,132,89,69,37,21,3,1
"Spol - SKUPAJ",Ljutomer,11043,1429,6759,2855,413,467,549,538,420,510,545,666,762,875,827,851,765,847,732,528,405,225,103,12,3
"Spol - SKUPAJ",Log - Dragomer,3777,520,2362,895,151,181,188,189,202,206,223,227,249,299,288,257,222,193,242,229,140,73,18,0,0
"Spol - SKUPAJ",Logatec,15020,2741,9703,2576,781,966,994,811,770,881,947,1071,1121,1113,999,1076,914,785,604,401,350,285,123,26,2
"Spol - SKUPAJ",Loška dolina,3516,466,2216,834,125,147,194,183,171,171,182,180,235,248,293,275,278,218,215,137,143,90,26,5,0
"Spol - SKUPAJ",Loški Potok,1792,260,1102,430,81,98,81,74,75,89,119,106,118,113,121,144,143,148,91,54,66,47,19,5,0
"Spol - SKUPAJ",Lovrenc na Pohorju,2952,411,1839,702,122,133,156,125,148,130,138,184,210,223,231,229,221,243,199,122,81,41,13,2,1
"Spol - SKUPAJ",Luče,1427,198,903,326,60,77,61,73,67,80,101,81,79,95,98,128,101,112,76,54,51,25,7,0,1
"Spol - SKUPAJ",Lukovica,6096,1146,3962,988,338,395,413,320,300,353,421,424,471,446,447,430,350,301,274,175,118,82,35,3,0
"Spol - SKUPAJ",Majšperk,3996,572,2594,830,174,173,225,181,160,188,258,282,267,304,275,343,336,284,213,137,110,56,26,4,0
"Spol - SKUPAJ",Makole,2041,289,1320,432,85,100,104,86,96,99,123,138,151,164,130,177,156,152,116,78,50,25,9,2,0
"Spol - SKUPAJ",Maribor,113245,14300,72075,26870,4407,4885,5008,4906,7223,6310,6709,7808,8378,7930,7437,7823,7551,7324,6885,5077,4010,2320,998,212,44
"Spol - SKUPAJ",Markovci,4097,619,2681,797,189,213,217,180,166,234,275,268,314,297,314,344,289,255,176,143,130,64,24,5,0
"Spol - SKUPAJ",Medvode,17154,2815,10724,3615,836,927,1052,857,813,878,984,1144,1263,1282,1215,1252,1036,1031,843,641,567,334,159,37,3
"Spol - SKUPAJ",Mengeš,8642,1466,5496,1680,449,487,530,437,408,437,530,619,718,670,590,573,514,464,380,283,269,173,97,14,0
"Spol - SKUPAJ",Metlika,8468,1246,5216,2006,404,422,420,406,327,446,465,553,573,648,600,611,587,616,520,334,281,170,71,12,2
"Spol - SKUPAJ",Mežica,3551,473,2202,876,156,152,165,156,164,208,181,228,249,262,234,253,267,293,216,154,131,52,27,3,0
"Spol - SKUPAJ",Miklavž na Dravskem polju,7148,1011,4582,1555,269,372,370,356,303,353,389,493,612,573,523,524,456,433,408,328,219,129,35,3,0
"Spol - SKUPAJ",Miren - Kostanjevica,5064,747,3128,1189,225,228,294,237,157,229,277,302,416,417,385,358,350,389,302,189,183,82,37,5,2
"Spol - SKUPAJ",Mirna,2732,474,1727,531,147,169,158,102,88,160,216,213,190,191,160,208,199,185,135,93,70,31,15,2,0
"Spol - SKUPAJ",Mirna Peč,3152,589,1999,564,185,192,212,145,125,157,237,241,240,195,211,205,243,223,143,68,71,38,16,5,0
"Spol - SKUPAJ",Mislinja,4564,672,2880,1012,218,219,235,214,181,242,249,282,343,350,347,362,310,343,280,195,128,51,14,1,0
"Spol - SKUPAJ",Mokronog - Trebelno,3229,572,2068,589,207,177,188,155,129,171,216,193,253,231,242,232,246,184,154,103,68,54,20,5,1
"Spol - SKUPAJ",Moravče,5613,1020,3670,923,313,339,368,330,328,343,340,345,420,426,417,397,324,291,249,170,115,66,25,7,0
"Spol - SKUPAJ",Moravske Toplice,5962,736,3697,1529,216,279,241,250,206,290,305,356,425,444,515,448,458,493,437,269,171,111,38,10,0
"Spol - SKUPAJ",Mozirje,4553,723,2897,933,241,230,252,228,197,292,275,288,344,334,331,329,279,277,240,181,142,76,14,3,0
"Spol - SKUPAJ",Murska Sobota,18643,2284,11284,5075,648,778,858,822,641,819,948,1140,1360,1482,1359,1370,1343,1455,1377,984,683,394,143,35,4
"Spol - SKUPAJ",Muta,3369,489,2119,761,147,174,168,159,129,165,167,234,242,264,255,267,237,260,220,122,105,38,16,0,0
"Spol - SKUPAJ",Naklo,5487,880,3460,1147,259,272,349,286,300,347,318,302,383,397,437,369,321,316,269,217,177,108,50,8,2
"Spol - SKUPAJ",Nazarje,2651,398,1741,512,125,136,137,113,116,169,154,190,202,213,204,212,168,184,122,90,57,44,13,2,0
"Spol - SKUPAJ",Nova Gorica,32013,4401,19641,7971,1217,1476,1708,1525,1235,1551,1709,1943,2343,2547,2339,2280,2169,2184,2156,1243,1228,751,316,84,9
"Spol - SKUPAJ",Novo mesto,38189,6412,24323,7454,2020,2156,2236,1938,1771,2134,2357,2737,2882,2747,2542,2749,2466,2231,1859,1246,1139,650,278,49,2
"Spol - SKUPAJ",Odranci,1609,254,1041,314,78,82,94,69,70,81,105,114,116,123,122,115,126,89,90,66,49,16,3,1,0
"Spol - SKUPAJ",Oplotnica,4147,689,2679,779,208,231,250,185,188,194,250,334,306,320,269,308,325,250,220,143,108,37,19,2,0
"Spol - SKUPAJ",Ormož,11868,1582,7486,2800,471,515,596,543,443,594,691,718,832,879,890,968,928,863,713,496,399,224,92,13,0
"Spol - SKUPAJ",Osilnica,338,26,187,125,10,5,11,11,11,14,13,21,17,18,24,28,30,40,36,19,14,10,6,0,0
"Spol - SKUPAJ",Pesnica,7692,942,4941,1809,266,300,376,346,389,386,435,475,596,577,597,569,571,558,447,312,281,149,48,13,1
"Spol - SKUPAJ",Piran/Pirano,18073,2125,11220,4728,614,707,804,686,819,895,929,1148,1399,1352,1264,1325,1403,1418,1329,776,608,365,189,35,8
"Spol - SKUPAJ",Pivka,6172,919,3868,1385,267,308,344,296,266,287,330,411,477,524,440,430,407,418,399,227,202,105,27,6,1
"Spol - SKUPAJ",Podčetrtek,3597,579,2255,763,180,203,196,169,138,174,219,249,274,260,231,260,281,272,215,121,88,47,17,3,0
"Spol - SKUPAJ",Podlehnik,1830,213,1203,414,68,78,67,63,66,90,108,131,130,128,144,178,165,168,97,62,51,27,7,2,0
"Spol - SKUPAJ",Podvelka,2272,285,1425,562,77,99,109,124,89,96,104,136,176,165,169,198,168,200,145,94,68,36,17,2,0
"Spol - SKUPAJ",Poljčane,4402,585,2652,1165,160,199,226,190,172,195,238,257,323,315,325,334,303,345,299,179,169,109,52,10,2
"Spol - SKUPAJ",Polzela,6441,977,4096,1368,283,319,375,365,255,322,359,400,533,500,488,487,387,378,326,277,197,117,56,12,5
"Spol - SKUPAJ",Postojna,17515,2913,11093,3509,879,940,1094,852,722,902,1042,1333,1488,1392,1104,1173,1085,1080,971,584,434,282,116,37,5
"Spol - SKUPAJ",Prebold,5363,845,3324,1194,247,292,306,251,173,237,305,394,477,424,334,358,371,388,262,225,163,105,44,4,3
"Spol - SKUPAJ",Preddvor,3891,654,2409,828,190,209,255,203,173,212,227,264,255,285,305,248,237,210,188,134,133,100,53,8,2
"Spol - SKUPAJ",Prevalje,6811,990,4141,1680,311,335,344,311,270,342,396,429,436,500,424,517,516,502,388,279,271,153,69,14,4
"Spol - SKUPAJ",Ptuj,23673,3161,14993,5519,925,1075,1161,1000,965,1255,1355,1621,1788,1778,1702,1853,1676,1570,1398,1036,812,472,187,41,3
"Spol - SKUPAJ",Puconci,5886,805,3646,1435,247,251,307,271,203,267,340,347,439,484,419,439,437,476,415,235,172,85,42,9,1
"Spol - SKUPAJ",Rače - Fram,8036,1330,5130,1576,404,477,449,373,325,380,457,643,657,651,567,550,527,503,435,281,220,92,37,8,0
"Spol - SKUPAJ",Radeče,4099,570,2563,966,149,215,206,180,162,174,238,235,285,280,312,366,331,326,259,180,117,54,25,4,1
"Spol - SKUPAJ",Radenci,5163,623,3030,1510,194,215,214,213,181,210,246,290,372,377,364,395,382,403,407,299,229,112,53,7,0
"Spol - SKUPAJ",Radlje ob Dravi,6204,879,3852,1473,248,300,331,311,277,305,340,398,418,484,427,474,418,471,349,246,228,114,53,12,0
"Spol - SKUPAJ",Radovljica,19377,2877,11930,4570,854,933,1090,988,783,905,1131,1281,1432,1460,1340,1333,1277,1267,1131,780,690,416,219,63,4
"Spol - SKUPAJ",Ravne na Koroškem,11142,1558,6885,2699,471,534,553,486,409,544,598,782,800,815,745,861,845,911,694,508,358,166,52,9,1
"Spol - SKUPAJ",Razkrižje,1238,185,764,289,49,59,77,55,50,55,63,68,95,99,98,96,85,92,74,52,47,16,8,0,0
"Spol - SKUPAJ",Rečica ob Savinji,2328,321,1501,506,87,101,133,106,93,137,147,133,195,182,173,182,153,170,142,76,80,20,14,3,1
"Spol - SKUPAJ",Renče - Vogrsko,4408,621,2663,1124,160,214,247,196,136,202,229,281,322,353,291,342,311,306,322,172,151,109,48,16,0
"Spol - SKUPAJ",Ribnica,9782,1697,6100,1985,533,605,559,450,371,585,690,697,679,597,648,748,635,654,440,291,293,210,71,25,1
"Spol - SKUPAJ",Ribnica na Pohorju,1097,156,696,245,44,47,65,49,47,48,58,61,74,86,80,95,98,79,66,43,30,18,8,0,1
"Spol - SKUPAJ",Rogaška Slatina,11658,1589,7657,2412,465,535,589,582,530,631,716,772,861,929,880,905,851,736,635,461,340,161,60,18,1
"Spol - SKUPAJ",Rogašovci,3094,446,1988,660,134,159,153,131,135,145,176,193,241,244,212,258,253,208,174,139,74,38,23,4,0
"Spol - SKUPAJ",Rogatec,3028,412,2021,595,120,132,160,140,103,199,172,191,229,236,266,267,218,199,155,113,70,42,14,1,1
"Spol - SKUPAJ",Ruše,7120,881,4580,1659,258,280,343,343,301,354,372,497,512,551,559,539,552,517,443,319,228,122,26,2,2
"Spol - SKUPAJ",Selnica ob Dravi,4488,596,2857,1035,192,202,202,200,187,241,260,306,297,298,329,376,363,327,274,180,162,63,24,5,0
"Spol - SKUPAJ",Semič,3836,580,2378,878,186,196,198,176,151,157,219,252,284,281,249,284,325,301,264,138,89,62,21,3,0
"Spol - SKUPAJ",Sevnica,17672,2575,11001,4096,832,866,877,757,714,977,994,1183,1193,1199,1221,1395,1368,1235,1087,701,543,356,141,30,3
"Spol - SKUPAJ",Sežana,13808,1953,8556,3299,571,620,762,613,475,628,737,855,1145,1093,1016,969,1025,983,920,495,468,265,126,39,3
"Spol - SKUPAJ",Slovenj Gradec,17013,2622,10753,3638,800,862,960,808,695,933,962,1157,1177,1289,1183,1256,1293,1199,928,634,472,296,83,24,2
"Spol - SKUPAJ",Slovenska Bistrica,26209,4064,16785,5360,1199,1387,1478,1280,1143,1313,1579,1772,1976,2109,1922,1913,1778,1725,1422,947,716,386,140,21,3
"Spol - SKUPAJ",Slovenske Konjice,15326,2392,9992,2942,745,759,888,739,678,888,942,1082,1167,1227,1102,1136,1031,946,766,517,403,204,92,14,0
"Spol - SKUPAJ",Sodražica,2276,428,1365,483,124,160,144,111,83,109,135,149,172,158,149,154,145,153,123,67,72,43,23,2,0
"Spol - SKUPAJ",Solčava,508,78,310,120,20,27,31,23,16,19,27,24,42,34,38,45,42,39,29,14,21,12,4,1,0
"Spol - SKUPAJ",Središče ob Dravi,1899,254,1148,497,65,92,97,71,53,86,106,117,132,131,120,154,178,154,129,75,75,53,7,3,1
"Spol - SKUPAJ",Starše,4109,525,2653,931,160,180,185,215,207,205,201,262,296,312,306,319,330,293,241,163,137,66,25,6,0
"Spol - SKUPAJ",Straža,3875,587,2451,837,179,210,198,189,200,209,201,256,310,250,273,278,285,294,242,129,98,53,18,3,0
"Spol - SKUPAJ",Sveta Ana,2350,376,1536,438,110,127,139,111,126,122,140,167,177,167,164,198,164,137,118,78,63,31,9,2,0
"Spol - SKUPAJ",Sveta Trojica v Slov. goricah,2194,313,1466,415,113,119,81,90,86,123,171,161,131,164,164,209,167,148,99,65,56,36,8,2,1
"Spol - SKUPAJ",Sveti Andraž v Slov. goricah,1194,199,790,205,63,74,62,49,49,75,78,92,98,81,89,101,78,80,54,29,26,10,5,1,0
"Spol - SKUPAJ",Sveti Jurij ob Ščavnici,2787,420,1813,554,116,143,161,163,100,147,142,176,215,221,209,239,201,178,145,92,83,42,12,1,1
"Spol - SKUPAJ",Sveti Jurij v Slov. goricah,2160,319,1391,450,98,126,95,105,116,134,129,135,136,154,203,146,133,130,126,86,57,34,14,1,2
"Spol - SKUPAJ",Sveti Tomaž,1977,258,1273,446,74,96,88,85,85,99,100,123,152,143,166,156,164,151,103,79,73,28,11,1,0
"Spol - SKUPAJ",Šalovci,1348,125,799,424,42,45,38,38,50,60,62,88,87,104,104,112,94,137,122,73,56,25,10,1,0
"Spol - SKUPAJ",Šempeter - Vrtojba,6198,888,3692,1618,250,328,310,271,171,285,315,381,462,483,464,419,441,448,441,282,237,132,66,11,1
"Spol - SKUPAJ",Šenčur,8852,1487,5703,1662,476,486,525,512,459,527,504,581,622,698,657,634,509,489,412,314,244,133,58,11,1
"Spol - SKUPAJ",Šentilj,8451,1189,5464,1798,376,419,394,383,380,419,463,567,638,657,653,660,644,631,501,308,203,107,42,5,1
"Spol - SKUPAJ",Šentjernej,7421,1380,4700,1341,442,498,440,361,322,420,522,518,504,504,475,542,532,431,327,221,190,120,46,5,1
"Spol - SKUPAJ",Šentjur,19523,2998,12441,4084,972,972,1054,968,801,1058,1134,1244,1521,1450,1429,1469,1367,1272,1115,750,507,295,127,18,0
"Spol - SKUPAJ",Šentrupert,2964,402,2060,502,138,133,131,134,129,215,222,218,276,243,225,215,183,166,137,82,70,32,15,0,0
"Spol - SKUPAJ",Škocjan,3470,654,2267,549,202,216,236,204,175,177,210,257,262,253,240,247,242,210,133,85,63,37,15,5,1
"Spol - SKUPAJ",Škofja Loka,23847,3931,15049,4867,1227,1309,1395,1273,1246,1297,1449,1665,1789,1651,1540,1618,1521,1351,1194,879,728,436,234,40,5
"Spol - SKUPAJ",Škofljica,11935,2141,7650,2144,565,764,812,667,598,595,634,856,1045,982,880,757,636,646,569,377,308,158,68,15,3
"Spol - SKUPAJ",Šmarje pri Jelšah,10544,1672,6696,2176,495,534,643,557,412,518,616,696,800,784,740,830,743,667,532,363,346,182,63,22,1
"Spol - SKUPAJ",Šmarješke Toplice,3573,557,2292,724,178,163,216,174,137,191,194,269,287,270,227,276,267,230,178,105,100,72,33,5,1
"Spol - SKUPAJ",Šmartno ob Paki,3389,520,2193,676,171,182,167,165,143,181,206,263,259,232,215,249,280,247,193,106,71,42,16,1,0
"Spol - SKUPAJ",Šmartno pri Litiji,5753,998,3556,1199,316,315,367,243,265,346,327,419,417,384,344,428,383,386,300,201,159,104,43,4,2
"Spol - SKUPAJ",Šoštanj,9126,1338,5785,2003,410,458,470,433,420,536,529,642,607,681,562,708,667,596,448,349,296,197,93,24,0
"Spol - SKUPAJ",Štore,4445,619,2779,1047,184,215,220,203,182,234,252,298,355,334,275,323,323,287,261,178,160,98,48,15,0
"Spol - SKUPAJ",Tabor,1746,329,1118,299,112,103,114,72,60,84,136,138,129,137,131,119,112,99,67,55,36,35,5,1,1
"Spol - SKUPAJ",Tišina,3940,504,2546,890,139,164,201,191,176,182,222,227,280,331,323,317,297,279,261,150,105,61,27,7,0
"Spol - SKUPAJ",Tolmin,10881,1482,6439,2960,426,502,554,467,369,455,544,678,736,751,798,796,845,853,765,447,452,285,124,33,1
"Spol - SKUPAJ",Trbovlje,15993,2068,9849,4076,561,734,773,613,572,795,891,1099,1197,1117,966,1256,1343,1287,1045,741,565,266,148,24,0
"Spol - SKUPAJ",Trebnje,13514,2425,8778,2311,778,856,791,624,625,742,895,1002,1051,987,859,1015,978,770,544,344,310,231,97,14,1
"Spol - SKUPAJ",Trnovska vas,1398,244,933,221,71,83,90,76,54,84,81,111,131,90,97,111,98,78,66,28,30,16,3,0,0
"Spol - SKUPAJ",Trzin,4016,650,2443,923,165,227,258,210,208,190,188,229,300,362,303,245,208,208,243,231,131,73,30,7,0
"Spol - SKUPAJ",Tržič,15092,2152,9425,3515,655,733,764,676,675,789,813,1057,1088,1109,1041,1120,1057,992,971,604,497,300,121,28,2
"Spol - SKUPAJ",Turnišče,3136,404,2054,678,114,143,147,133,109,158,176,214,274,262,229,241,258,243,202,91,69,57,13,3,0
"Spol - SKUPAJ",Velenje,33675,5128,21635,6912,1492,1758,1878,1610,1503,1860,1943,2532,2588,2505,2035,2427,2632,2535,1921,1131,782,411,111,17,4
"Spol - SKUPAJ",Velika Polana,1392,160,877,355,45,60,55,68,46,71,66,81,114,103,127,107,94,111,92,65,51,27,7,1,1
"Spol - SKUPAJ",Velike Lašče,4519,770,2848,901,221,273,276,242,200,219,284,316,337,334,289,302,325,250,251,165,116,73,32,13,1
"Spol - SKUPAJ",Veržej,1358,203,808,347,57,60,86,55,48,77,66,59,81,96,120,115,91,91,104,68,48,28,6,2,0
"Spol - SKUPAJ",Videm,5606,802,3687,1117,238,268,296,211,194,278,366,419,437,410,421,503,448,436,304,173,116,59,25,4,0
"Spol - SKUPAJ",Vipava,5872,1015,3604,1253,313,328,374,318,232,293,390,376,412,445,404,390,344,346,328,204,178,126,56,15,0
"Spol - SKUPAJ",Vitanje,2262,360,1444,458,110,121,129,107,103,122,138,157,143,163,163,179,169,149,132,85,61,20,10,1,0
"Spol - SKUPAJ",Vodice,5188,910,3431,847,244,332,334,342,278,271,299,324,389,408,418,393,309,282,193,146,131,72,18,5,0
"Spol - SKUPAJ",Vojnik,9165,1395,5831,1939,430,482,483,459,392,460,583,607,663,680,620,718,649,540,491,383,266,179,63,14,3
"Spol - SKUPAJ",Vransko,2709,439,1733,537,145,145,149,146,110,160,163,182,175,213,193,191,200,164,144,96,67,43,21,2,0
"Spol - SKUPAJ",Vrhnika,18077,2985,11602,3490,867,1020,1098,991,837,987,1071,1238,1419,1434,1277,1243,1105,1035,908,600,448,316,153,26,4
"Spol - SKUPAJ",Vuzenica,2644,402,1673,569,122,152,128,102,108,120,156,199,187,195,200,198,208,211,144,91,62,43,16,2,0
"Spol - SKUPAJ",Zagorje ob Savi,16518,2460,10380,3678,731,822,907,779,724,831,962,1110,1220,1181,1079,1231,1263,1162,949,596,518,286,133,33,1
"Spol - SKUPAJ",Zavrč,1482,157,1056,269,58,45,54,79,71,89,93,93,125,126,136,126,118,95,71,43,40,12,6,2,0
"Spol - SKUPAJ",Zreče,6633,983,4388,1262,336,348,299,314,322,401,415,449,487,513,494,538,455,424,354,211,159,90,22,2,0
"Spol - SKUPAJ",Žalec,21710,3124,13716,4870,881,1064,1179,1046,853,1140,1217,1382,1795,1604,1519,1565,1595,1539,1277,922,666,330,112,20,4
"Spol - SKUPAJ",Železniki,6653,1140,4251,1262,365,395,380,384,337,371,408,460,439,437,450,500,465,393,293,208,184,117,55,11,1
"Spol - SKUPAJ",Žetale,1282,184,849,249,51,65,68,46,50,52,93,100,91,91,99,105,122,86,65,35,35,15,12,1,0
"Spol - SKUPAJ",Žiri,5071,844,3200,1027,276,264,304,274,221,302,335,354,344,339,356,337,338,270,283,162,149,104,47,11,1
"Spol - SKUPAJ",Žirovnica,4511,684,2760,1067,209,251,224,217,181,216,285,289,294,335,302,352,289,294,265,203,175,86,39,5,0
"Spol - SKUPAJ",Žužemberk,4681,790,3081,810,259,279,252,241,190,278,314,322,332,348,323,398,335,275,212,127,91,59,38,8,0
"Moški",SLOVENIJA,1066634,162515,703748,200371,48709,54783,59023,51885,54693,60792,66317,76576,84920,83495,76275,77024,71771,66862,55953,34623,25264,12790,4172,647,60
"Moški",Ajdovščina,10214,1766,6586,1862,540,578,648,513,400,578,668,736,772,794,717,703,705,608,597,255,238,113,41,5,5
"Moški",Ankaran/Ancarano,1636,233,1023,380,75,67,91,69,55,69,89,100,142,139,121,112,127,129,120,72,32,23,4,0,0
"Moški",Apače,1764,244,1159,361,70,79,95,74,62,81,97,127,155,152,133,144,134,130,110,63,43,11,4,0,0
"Moški",Beltinci,4084,622,2677,785,178,231,213,194,184,204,230,275,306,329,333,324,298,292,215,124,95,43,11,5,0
"Moški",Benedikt,1374,246,953,175,83,74,89,67,86,90,96,116,127,102,93,83,93,75,41,29,22,5,3,0,0
"Moški",Bistrica ob Sotli,677,95,455,127,25,36,34,30,39,34,36,36,70,59,58,55,38,36,29,33,20,9,0,0,0
"Moški",Bled,4012,595,2523,894,163,191,241,179,159,198,244,280,279,327,305,293,259,259,249,164,120,70,29,3,0
"Moški",Bloke,822,142,525,155,38,49,55,37,36,50,58,57,54,53,60,56,64,52,42,21,21,14,5,0,0
"Moški",Bohinj,2688,401,1691,596,116,131,154,130,116,136,176,161,183,198,174,227,190,187,160,119,66,44,19,1,0
"Moški",Borovnica,2403,444,1533,426,123,147,174,120,109,135,167,180,195,169,149,142,167,161,112,64,52,25,11,1,0
"Moški",Bovec,1537,162,984,391,56,40,66,54,57,69,94,102,108,122,114,133,131,130,103,70,50,32,6,0,0
"Moški",Braslovče,2955,501,1914,540,141,165,195,149,134,144,166,196,238,240,219,207,221,172,178,100,54,30,6,0,0
"Moški",Brda,2792,417,1745,630,121,145,151,109,103,134,165,196,201,227,215,207,188,213,186,87,74,46,21,3,0
"Moški",Brezovica,6437,1161,4214,1062,344,398,419,364,353,351,362,433,481,509,491,463,407,319,298,181,138,92,33,1,0
"Moški",Brežice,12335,1766,8061,2508,530,627,609,558,557,629,788,889,966,975,908,890,901,815,761,445,290,144,48,5,0
"Moški",Cankova,894,113,605,176,46,32,35,32,38,53,56,80,66,62,74,64,80,78,53,24,12,8,1,0,0
"Moški",Celje,24574,3566,16375,4633,1004,1209,1353,1172,1107,1485,1518,1858,2073,2061,1710,1767,1624,1530,1271,798,609,307,100,16,2
"Moški",Cerklje na Gorenjskem,3918,662,2605,651,191,219,252,239,204,250,240,274,279,301,306,300,212,209,151,122,104,43,19,3,0
"Moški",Cerknica,6087,989,3952,1146,310,354,325,292,238,325,424,453,452,424,450,474,420,375,291,186,147,110,33,4,0
"Moški",Cerkno,2316,358,1453,505,127,112,119,102,91,117,131,152,170,182,165,163,180,160,175,83,45,32,8,2,0
"Moški",Cerkvenjak,1212,193,861,158,65,73,55,53,60,91,87,107,120,93,91,85,74,55,57,26,15,5,0,0,0
"Moški",Cirkulane,1314,150,927,237,45,53,52,60,60,70,87,110,122,98,99,92,129,102,67,32,28,6,2,0,0
"Moški",Črenšovci,1968,278,1293,397,84,103,91,96,96,91,108,130,164,188,160,116,144,142,124,74,43,11,3,0,0
"Moški",Črna na Koroškem,1614,168,1069,377,61,49,58,60,82,82,81,118,130,121,115,152,128,145,114,51,37,20,9,1,0
"Moški",Črnomelj,7273,1109,4615,1549,351,343,415,356,290,364,433,486,602,569,469,496,550,561,432,234,172,108,36,6,0
"Moški",Destrnik,1388,216,931,241,63,71,82,62,73,75,79,105,122,108,102,102,103,100,84,36,12,8,1,0,0
"Moški",Divača,2360,350,1571,439,104,124,122,94,105,114,142,190,205,190,182,177,172,170,112,73,41,33,8,2,0
"Moški",Dobje,477,86,313,78,33,24,29,21,14,36,30,31,39,34,37,40,31,23,23,15,12,4,1,0,0
"Moški",Dobrepolje,2070,323,1366,381,96,106,121,130,103,104,125,136,159,151,149,154,155,157,75,63,55,23,7,1,0
"Moški",Dobrna,1215,193,813,209,66,64,63,64,59,81,91,97,92,91,79,83,76,75,64,36,25,4,4,1,0
"Moški",Dobrova - Polhov Gradec,4029,736,2675,618,211,241,284,248,245,273,213,251,252,283,344,319,247,186,165,100,105,41,20,1,0
"Moški",Dobrovnik/Dobronak,621,75,382,164,22,31,22,27,21,21,34,38,64,55,34,51,37,61,49,31,14,6,2,0,1
"Moški",Dol pri Ljubljani,3185,592,2082,511,171,188,233,185,160,166,203,245,227,291,230,192,183,162,142,124,47,26,10,0,0
"Moški",Dolenjske Toplice,1827,286,1202,339,68,106,112,95,63,116,125,116,149,129,140,142,127,122,99,60,35,16,5,2,0
"Moški",Domžale,18795,3245,12507,3043,971,1046,1228,1081,1038,1064,1251,1340,1446,1452,1388,1357,1090,968,753,558,463,221,66,13,1
"Moški",Dornava,1529,204,1078,247,57,81,66,73,62,77,112,126,138,131,140,115,104,96,63,53,21,11,3,0,0
"Moški",Dravograd,4465,641,2923,901,199,214,228,198,196,266,295,301,314,304,330,384,335,314,232,162,117,62,12,2,0
"Moški",Duplek,3530,539,2333,658,153,176,210,161,170,183,216,213,292,273,287,260,278,241,192,110,79,26,8,2,0
"Moški",Gorenja vas - Poljane,3879,762,2546,571,238,259,265,263,214,248,240,275,309,242,249,259,247,204,150,72,69,62,12,2,0
"Moški",Gorišnica,2142,339,1460,343,92,128,119,102,119,117,130,154,172,157,176,150,183,139,80,63,46,12,3,0,0
"Moški",Gorje,1379,210,890,279,68,54,88,76,64,75,98,83,95,110,99,110,80,88,79,53,33,16,8,2,0
"Moški",Gornja Radgona,4265,597,2768,900,183,204,210,181,162,240,266,284,329,329,319,344,314,304,257,167,114,38,18,2,0
"Moški",Gornji Grad,1305,180,819,306,48,54,78,56,55,66,83,88,89,103,85,98,96,92,95,43,43,19,10,4,0
"Moški",Gornji Petrovci,990,128,591,271,32,46,50,32,32,39,47,80,70,73,70,71,77,107,81,55,18,8,2,0,0
"Moški",Grad,1012,115,657,240,22,44,49,28,36,56,58,56,87,78,94,90,74,80,75,49,21,13,2,0,0
"Moški",Grosuplje,11153,1895,7524,1734,547,648,700,668,666,641,698,813,909,932,803,770,624,586,470,300,211,117,43,7,0
"Moški",Hajdina,2062,299,1349,414,97,100,102,90,111,118,128,148,170,171,165,137,111,145,104,81,60,16,8,0,0
"Moški",Hoče - Slivnica,6110,887,4012,1211,267,290,330,292,333,304,357,417,502,460,470,465,412,393,304,200,190,103,15,5,1
"Moški",Hodoš/Hodos,185,18,112,55,5,6,7,4,6,4,4,11,10,20,9,26,18,21,18,9,3,4,0,0,0
"Moški",Horjul,1511,296,918,297,97,94,105,87,79,73,87,91,99,112,92,99,99,75,80,46,42,38,15,1,0
"Moški",Hrastnik,4462,583,2863,1016,154,220,209,189,204,234,238,317,352,299,294,354,382,369,278,181,116,51,19,2,0
"Moški",Hrpelje - Kozina,2731,402,1841,488,136,140,126,100,107,153,189,218,251,208,227,207,181,159,156,84,61,24,4,0,0
"Moški",Idrija,5928,856,3867,1205,236,283,337,258,264,352,369,369,415,479,473,446,442,348,377,196,173,72,34,3,2
"Moški",Ig,4013,717,2611,685,192,255,270,239,182,229,205,281,362,356,282,238,237,231,215,114,80,28,16,0,1
"Moški",Ilirska Bistrica,6796,866,4328,1602,245,313,308,303,208,315,328,490,537,563,553,527,504,547,454,257,224,83,29,7,1
"Moški",Ivančna Gorica,9355,1773,6277,1305,598,584,591,492,473,561,643,702,770,698,656,710,572,473,385,197,140,83,24,2,1
"Moški",Izola/Isola,8195,1182,5209,1804,345,401,436,392,355,433,436,574,638,641,566,569,605,605,546,301,207,100,39,5,1
"Moški",Jesenice,11288,1672,7457,2159,490,585,597,573,624,693,673,866,916,895,736,722,759,759,618,405,220,120,32,5,0
"Moški",Jezersko,331,45,206,80,16,19,10,23,13,10,24,28,21,22,19,24,22,26,26,19,7,1,1,0,0
"Moški",Juršinci,1244,196,812,236,54,82,60,57,40,66,90,87,89,110,94,87,92,86,70,45,19,9,6,1,0
"Moški",Kamnik,14998,2473,9935,2590,728,815,930,831,768,871,967,1044,1265,1210,985,1023,971,879,739,436,312,148,66,9,1
"Moški",Kanal,2639,367,1704,568,110,112,145,124,95,124,155,167,207,228,202,187,215,202,151,88,79,36,8,4,0
"Moški",Kidričevo,3273,481,2146,646,157,165,159,145,170,163,181,255,240,259,249,253,231,232,166,120,76,40,11,1,0
"Moški",Kobarid,2057,326,1251,480,80,107,139,69,69,101,102,143,149,141,125,166,186,149,164,71,53,30,9,4,0
"Moški",Kobilje,262,33,168,61,8,11,14,14,13,12,9,17,20,19,24,16,24,18,18,19,6,0,0,0,0
"Moški",Kočevje,7857,1188,5031,1638,343,411,434,381,318,384,470,523,725,581,495,546,608,604,492,225,170,105,33,9,0
"Moški",Komen,1789,236,1144,409,63,85,88,92,50,85,97,113,148,133,141,149,136,143,131,59,44,27,5,0,0
"Moški",Komenda,3389,652,2259,478,178,232,242,206,195,180,199,249,306,295,271,199,159,139,132,97,60,38,10,2,0
"Moški",Koper/Capodistria,26691,3923,17553,5215,1078,1384,1461,1317,1317,1320,1494,1882,2183,2247,2046,1958,1789,1728,1454,887,659,341,124,20,2
"Moški",Kostanjevica na Krki,1257,201,817,239,55,73,73,48,65,64,74,93,91,98,97,99,88,90,58,41,33,12,5,0,0
"Moški",Kostel,328,30,197,101,9,12,9,17,10,13,13,14,20,23,25,28,34,34,31,15,11,8,2,0,0
"Moški",Kozje,1524,226,1001,297,69,76,81,61,60,91,84,95,114,103,132,122,139,103,84,52,29,24,5,0,0
"Moški",Kranj,28678,4747,18968,4963,1408,1588,1751,1469,1598,1660,1776,2108,2358,2281,2039,1885,1794,1592,1308,830,705,398,110,17,3
"Moški",Kranjska Gora,2634,309,1602,723,88,96,125,104,93,105,142,148,192,226,182,213,197,215,197,134,97,60,19,1,0
"Moški",Križevci,1848,239,1187,422,76,76,87,74,70,94,118,109,127,156,145,158,136,128,133,86,52,15,6,2,0
"Moški",Krško,13230,2114,8669,2447,668,716,730,625,647,795,836,966,1001,1004,914,936,945,833,703,419,286,146,49,9,2
"Moški",Kungota,2618,362,1748,508,100,120,142,122,131,137,146,198,213,205,201,190,205,170,145,90,60,33,10,0,0
"Moški",Kuzma,808,123,516,169,40,41,42,38,32,32,55,42,49,79,67,57,65,41,52,42,24,7,3,0,0
"Moški",Laško,6495,913,4269,1313,272,314,327,302,277,351,396,472,457,498,495,532,489,437,376,224,173,74,28,1,0
"Moški",Lenart,4335,644,2787,904,183,240,221,197,214,203,272,290,359,305,303,354,290,306,262,173,93,53,14,3,0
"Moški",Lendava/Lendva,5081,620,3191,1270,213,206,201,189,160,248,294,343,401,387,354,398,417,462,395,209,142,43,17,2,0
"Moški",Litija,8027,1290,5372,1365,386,429,475,393,401,491,511,606,648,584,557,612,569,490,397,230,149,76,21,2,0
"Moški",Ljubljana,144344,21630,97972,24742,6696,7146,7788,7066,10250,9173,9384,10922,12042,11329,9808,9576,8422,7576,6752,4305,3232,2001,744,120,12
"Moški",Ljubno,1272,208,834,230,63,78,67,56,54,60,92,83,95,88,98,106,102,78,58,46,27,11,9,1,0
"Moški",Ljutomer,5496,731,3510,1255,199,253,279,260,224,264,298,345,388,474,431,440,386,415,354,245,156,60,22,3,0
"Moški",Log - Dragomer,1898,268,1227,403,81,81,106,90,104,114,117,118,142,142,155,138,107,94,95,97,69,38,10,0,0
"Moški",Logatec,7690,1472,5113,1105,428,522,522,413,441,469,505,574,591,586,523,532,479,384,296,192,122,82,29,0,0
"Moški",Loška dolina,1826,242,1212,372,64,71,107,96,94,100,107,99,139,120,157,145,155,111,107,47,57,36,11,3,0
"Moški",Loški Potok,920,127,595,198,45,43,39,31,44,52,77,52,61,59,67,71,81,82,53,21,19,15,6,2,0
"Moški",Lovrenc na Pohorju,1523,201,985,337,62,60,79,73,79,80,74,101,105,119,122,122,110,123,98,55,42,15,4,0,0
"Moški",Luče,725,93,492,140,24,39,30,37,46,38,59,41,43,47,52,64,65,56,38,25,14,5,2,0,0
"Moški",Lukovica,3108,563,2082,463,176,177,210,171,166,191,217,229,246,224,227,227,184,146,138,86,62,23,8,0,0
"Moški",Majšperk,2072,295,1388,389,77,103,115,102,90,104,137,156,159,151,143,167,179,149,109,62,42,21,5,1,0
"Moški",Makole,1042,157,678,207,46,58,53,40,45,56,64,74,67,95,60,102,75,74,67,37,19,8,2,0,0
"Moški",Maribor,56661,7261,38252,11148,2208,2492,2561,2461,3777,3547,3689,4327,4558,4295,3897,3975,3726,3397,3049,2090,1521,783,250,47,11
"Moški",Markovci,2080,312,1430,338,95,111,106,80,100,134,151,146,164,160,170,176,149,129,77,53,55,18,6,0,0
"Moški",Medvode,8595,1450,5558,1587,451,448,551,475,428,459,524,605,669,674,582,618,524,494,406,282,247,111,42,5,0
"Moški",Mengeš,4334,786,2860,688,239,278,269,229,224,248,256,322,369,366,309,274,263,232,167,122,101,48,14,4,0
"Moški",Metlika,4358,649,2822,887,198,228,223,212,196,258,242,328,313,346,322,305,300,305,246,142,123,52,17,2,0
"Moški",Mežica,1810,218,1198,394,66,74,78,80,90,129,99,124,135,138,125,131,147,140,118,55,50,22,7,2,0
"Moški",Miklavž na Dravskem polju,3719,504,2490,725,125,184,195,185,184,209,223,260,348,309,276,279,217,223,184,154,106,48,9,1,0
"Moški",Miren - Kostanjevica,2615,392,1654,569,132,114,146,133,86,131,139,164,214,231,198,181,177,202,148,91,80,36,12,0,0
"Moški",Mirna,1389,247,881,261,79,87,81,41,49,83,120,112,102,98,84,93,99,96,73,42,33,13,4,0,0
"Moški",Mirna Peč,1624,314,1043,267,99,101,114,77,61,81,132,129,134,96,116,95,122,116,70,36,27,15,3,0,0
"Moški",Mislinja,2281,305,1506,470,92,106,107,99,98,135,130,146,191,184,182,181,160,178,129,92,52,14,5,0,0
"Moški",Mokronog - Trebelno,1639,291,1087,261,115,90,86,68,70,93,113,111,121,128,127,130,126,93,70,41,29,23,5,0,0
"Moški",Moravče,2803,519,1859,425,159,171,189,169,162,161,185,159,222,215,218,193,175,138,118,87,55,20,7,0,0
"Moški",Moravske Toplice,3000,381,1934,685,106,157,118,129,121,159,177,192,218,233,256,219,230,249,206,128,57,38,6,1,0
"Moški",Mozirje,2290,394,1484,412,139,117,138,115,105,143,151,143,181,172,164,162,148,127,105,79,61,34,6,0,0
"Moški",Murska Sobota,9033,1195,5733,2105,348,406,441,420,369,412,508,620,698,740,687,646,633,658,590,450,253,124,22,7,1
"Moški",Muta,1709,251,1110,348,75,91,85,68,70,92,91,115,138,133,132,135,136,123,104,55,49,13,4,0,0
"Moški",Naklo,2761,445,1820,496,133,135,177,147,170,185,180,156,201,206,221,196,158,152,124,100,71,33,13,3,0
"Moški",Nazarje,1355,199,931,225,61,73,65,55,70,102,84,109,100,119,104,103,85,91,61,33,24,11,4,1,0
"Moški",Nova Gorica,16049,2268,10343,3438,602,767,899,778,697,859,929,1033,1238,1336,1206,1169,1098,1050,1015,556,460,257,82,15,3
"Moški",Novo mesto,19181,3323,12753,3105,1010,1127,1186,1005,987,1158,1267,1457,1534,1435,1324,1368,1218,1030,829,510,448,222,58,8,0
"Moški",Odranci,808,131,539,138,38,42,51,36,29,41,57,46,61,76,69,64,60,45,42,28,16,4,2,1,0
"Moški",Oplotnica,2118,357,1394,367,107,131,119,96,109,105,129,159,171,164,145,152,164,137,98,74,47,8,3,0,0
"Moški",Ormož,6026,876,3947,1203,250,285,341,280,237,313,398,378,450,452,443,499,497,438,325,207,147,66,18,2,0
"Moški",Osilnica,180,14,105,61,4,2,8,8,7,8,8,14,7,12,12,16,13,21,23,8,7,2,0,0,0
"Moški",Pesnica,4035,467,2751,817,132,156,179,196,227,227,259,277,341,318,328,292,286,284,213,140,122,49,7,2,0
"Moški",Piran/Pirano,8956,1117,5743,2096,321,384,412,355,424,455,490,608,721,704,668,633,685,713,625,344,241,114,47,11,1
"Moški",Pivka,3228,473,2085,670,136,159,178,159,155,160,174,222,256,293,243,223,200,223,200,111,94,35,6,1,0
"Moški",Podčetrtek,1866,299,1192,375,90,108,101,97,89,88,104,137,155,131,114,138,139,138,114,61,33,21,5,3,0
"Moški",Podlehnik,945,106,642,197,35,37,34,30,28,53,61,77,72,70,80,85,86,96,49,25,15,10,2,0,0
"Moški",Podvelka,1166,149,756,261,40,52,57,68,49,51,50,69,100,93,81,101,94,105,65,45,26,13,6,1,0
"Moški",Poljčane,2150,296,1363,491,72,106,118,97,87,108,122,142,167,154,171,171,144,174,142,75,58,35,5,2,0
"Moški",Polzela,3197,497,2130,570,149,142,206,201,136,180,185,216,269,258,252,240,193,175,152,118,79,36,7,3,0
"Moški",Postojna,9126,1536,6016,1574,470,470,596,431,400,516,593,719,847,771,590,595,554,517,481,259,183,95,33,6,0
"Moški",Prebold,2713,457,1731,525,136,161,160,141,105,141,142,202,264,225,171,165,175,182,124,110,67,33,8,1,0
"Moški",Preddvor,1920,336,1235,349,99,108,129,105,88,111,120,134,129,141,164,122,121,108,90,57,57,30,7,0,0
"Moški",Prevalje,3420,509,2185,726,173,154,182,153,158,186,223,229,226,260,236,253,261,248,190,121,93,56,14,4,0
"Moški",Ptuj,11989,1629,8033,2327,456,550,623,528,589,724,798,904,935,949,848,948,810,760,630,439,302,150,37,8,1
"Moški",Puconci,2862,392,1842,628,117,128,147,124,113,132,173,185,212,252,213,224,214,241,205,100,56,19,7,0,0
"Moški",Rače - Fram,4078,694,2669,715,212,239,243,189,185,198,244,330,350,337,304,286,246,240,220,113,93,36,10,3,0
"Moški",Radeče,2026,291,1292,443,81,104,106,87,86,86,128,120,146,145,166,170,158,178,127,75,37,17,9,0,0
"Moški",Radenci,2552,308,1580,664,98,94,116,114,95,97,133,157,195,198,187,209,195,185,195,141,99,33,10,1,0
"Moški",Radlje ob Dravi,3154,460,2007,687,132,151,177,170,150,164,181,187,233,258,216,242,206,258,171,117,90,34,13,4,0
"Moški",Radovljica,9512,1506,6057,1949,452,479,575,488,440,477,601,653,725,746,657,655,615,601,519,322,269,154,74,10,0
"Moški",Ravne na Koroškem,5733,827,3655,1251,260,285,282,258,246,296,348,427,442,415,383,438,402,449,332,230,154,68,15,3,0
"Moški",Razkrižje,632,98,411,123,25,31,42,29,25,27,38,32,49,60,53,52,46,45,32,23,15,6,2,0,0
"Moški",Rečica ob Savinji,1270,177,863,230,43,55,79,64,58,84,96,77,111,104,97,93,79,74,72,38,32,8,5,1,0
"Moški",Renče - Vogrsko,2235,309,1418,508,88,98,123,103,79,115,123,153,161,206,148,176,154,149,152,85,73,34,13,2,0
"Moški",Ribnica,4984,862,3222,900,269,306,287,223,198,305,379,388,384,317,333,386,309,329,229,120,112,78,25,7,0
"Moški",Ribnica na Pohorju,547,77,361,109,22,19,36,24,28,29,31,29,33,45,48,44,50,43,29,19,9,6,3,0,0
"Moški",Rogaška Slatina,6054,833,4200,1021,245,285,303,318,312,361,421,436,484,493,469,469,437,338,292,190,131,50,16,4,0
"Moški",Rogašovci,1568,236,1032,300,70,82,84,69,67,71,86,98,129,122,114,137,139,109,91,61,24,7,8,0,0
"Moški",Rogatec,1573,215,1105,253,55,69,91,70,65,112,104,108,130,134,131,142,109,99,59,47,33,12,2,1,0
"Moški",Ruše,3648,446,2441,761,124,136,186,181,184,191,204,272,282,293,302,253,279,252,217,134,99,49,9,1,0
"Moški",Selnica ob Dravi,2325,341,1493,491,115,118,108,109,102,132,134,164,163,160,162,179,188,174,133,77,71,26,8,2,0
"Moški",Semič,1974,292,1273,409,93,98,101,98,98,78,120,132,156,160,137,132,162,144,134,72,32,18,7,2,0
"Moški",Sevnica,9037,1317,5879,1841,415,454,448,384,390,550,531,664,662,650,643,714,691,624,538,317,215,113,27,7,0
"Moški",Sežana,6974,985,4542,1447,294,312,379,308,267,339,385,452,613,585,556,499,538,483,438,226,195,75,25,4,1
"Moški",Slovenj Gradec,8568,1333,5630,1605,412,417,504,415,376,558,521,624,611,673,577,634,641,565,455,266,194,101,19,5,0
"Moški",Slovenska Bistrica,13235,2118,8728,2389,634,736,748,647,625,695,863,929,1020,1117,985,974,873,835,675,428,274,134,38,5,0
"Moški",Slovenske Konjice,7938,1216,5424,1298,390,384,442,410,409,522,528,580,629,678,576,578,514,456,381,213,162,61,24,1,0
"Moški",Sodražica,1169,213,734,222,64,81,68,59,43,69,65,73,102,84,86,82,71,77,66,26,31,14,8,0,0
"Moški",Solčava,252,43,162,47,13,15,15,11,9,9,20,11,22,20,17,25,18,20,15,4,6,1,0,1,0
"Moški",Središče ob Dravi,945,132,603,210,32,49,51,39,31,51,55,66,66,60,68,74,93,69,65,33,27,15,0,0,1
"Moški",Starše,2057,260,1360,437,85,86,89,105,118,102,113,139,144,166,157,165,151,153,121,78,54,27,2,2,0
"Moški",Straža,1992,295,1304,393,87,109,99,89,119,111,108,138,172,141,144,146,136,137,135,57,41,20,2,1,0
"Moški",Sveta Ana,1192,197,792,203,50,69,78,61,67,58,71,83,87,93,87,102,83,80,47,39,24,10,3,0,0
"Moški",Sveta Trojica v Slov. goricah,1122,156,762,204,50,69,37,49,50,69,82,94,67,80,84,103,84,87,48,31,27,9,0,2,0
"Moški",Sveti Andraž v Slov. goricah,630,105,435,90,35,40,30,24,32,39,42,58,47,44,46,62,41,45,24,13,6,2,0,0,0
"Moški",Sveti Jurij ob Ščavnici,1397,203,938,256,56,72,75,79,50,79,77,84,103,124,114,119,109,99,66,39,35,14,3,0,0
"Moški",Sveti Jurij v Slov. goricah,1108,171,733,204,51,71,49,51,61,77,67,72,76,87,99,82,61,64,69,37,23,8,3,0,0
"Moški",Sveti Tomaž,992,131,658,203,34,58,39,38,43,57,50,68,73,83,85,75,86,80,49,40,22,8,4,0,0
"Moški",Šalovci,694,66,437,191,23,24,19,20,31,36,36,46,52,51,52,54,59,73,59,37,15,7,0,0,0
"Moški",Šempeter - Vrtojba,3125,465,1946,714,137,181,147,148,85,167,168,207,249,243,247,225,207,209,212,123,100,49,18,3,0
"Moški",Šenčur,4485,785,2946,754,257,248,280,251,250,292,265,308,317,342,335,326,260,252,181,149,101,44,24,3,0
"Moški",Šentilj,4250,606,2833,811,199,218,189,194,196,226,237,299,332,338,341,346,324,303,244,135,80,36,13,0,0
"Moški",Šentjernej,3839,733,2490,616,235,269,229,180,168,254,281,259,267,282,256,274,269,215,161,108,79,42,11,0,0
"Moški",Šentjur,9896,1556,6501,1839,512,476,568,511,446,562,613,643,805,741,784,753,643,637,517,340,210,97,35,3,0
"Moški",Šentrupert,1748,209,1299,240,75,68,66,68,78,145,139,163,177,161,136,135,97,86,67,43,29,10,5,0,0
"Moški",Škocjan,1820,360,1202,258,109,122,129,107,104,82,106,148,135,134,126,141,119,107,66,45,23,10,6,1,0
"Moški",Škofja Loka,11851,1997,7775,2079,625,671,701,645,643,722,774,873,912,887,769,820,730,637,564,365,307,146,55,4,1
"Moški",Škofljica,6036,1099,3980,957,281,415,403,345,329,324,317,439,550,534,457,370,315,300,252,171,148,59,20,7,0
"Moški",Šmarje pri Jelšah,5305,849,3485,971,243,281,325,280,228,266,322,355,422,415,381,429,387,344,249,160,146,59,11,1,1
"Moški",Šmarješke Toplice,1805,287,1192,326,87,86,114,80,73,110,101,142,144,153,117,141,131,113,94,49,37,25,7,1,0
"Moški",Šmartno ob Paki,1745,280,1155,310,91,102,87,80,77,105,107,158,150,101,112,118,147,123,96,46,27,16,2,0,0
"Moški",Šmartno pri Litiji,2918,523,1855,540,164,153,206,129,155,176,173,218,231,185,177,229,182,206,151,86,67,21,9,0,0
"Moški",Šoštanj,4661,714,3076,871,213,249,252,222,227,306,307,360,314,369,279,369,323,310,230,151,105,53,17,5,0
"Moški",Štore,2283,319,1524,440,90,108,121,103,110,151,134,166,197,191,150,171,151,147,121,67,60,27,16,2,0
"Moški",Tabor,883,158,587,138,51,47,60,36,33,36,70,83,64,75,68,58,64,47,39,27,12,11,2,0,0
"Moški",Tišina,1972,260,1331,381,78,79,103,93,94,104,112,126,136,173,172,167,154,124,124,66,43,15,6,3,0
"Moški",Tolmin,5508,762,3439,1307,234,242,286,236,230,252,291,370,419,376,421,405,439,427,377,201,187,84,25,5,1
"Moški",Trbovlje,7930,1061,5124,1745,286,365,410,338,316,441,463,608,640,596,490,599,633,613,465,319,224,93,29,2,0
"Moški",Trebnje,6976,1215,4742,1019,392,427,396,316,335,416,488,540,580,519,477,549,522,412,272,147,108,61,17,2,0
"Moški",Trnovska vas,713,127,484,102,35,48,44,46,28,39,51,54,69,38,58,53,48,39,34,11,12,5,1,0,0
"Moški",Trzin,1996,350,1254,392,81,134,135,105,112,98,106,110,154,187,154,127,101,84,107,100,62,27,12,0,0
"Moški",Tržič,7589,1064,4994,1531,317,372,375,357,385,434,460,570,576,604,534,571,503,448,454,276,201,104,40,8,0
"Moški",Turnišče,1571,219,1059,293,68,77,74,66,59,86,91,115,147,133,120,114,128,120,98,35,19,18,2,1,0
"Moški",Velenje,17257,2561,11494,3202,726,883,952,839,891,1065,1062,1372,1401,1334,1069,1197,1264,1253,939,501,322,143,38,5,1
"Moški",Velika Polana,704,85,458,161,25,29,31,30,32,36,41,39,56,54,64,52,54,57,48,30,17,8,0,1,0
"Moški",Velike Lašče,2321,397,1505,419,107,134,156,136,103,115,153,172,171,198,145,153,159,124,123,73,57,29,10,3,0
"Moški",Veržej,678,124,401,153,33,39,52,31,23,39,35,24,39,51,59,59,41,43,51,32,16,11,0,0,0
"Moški",Videm,2996,406,2042,548,122,136,148,115,123,151,213,244,235,226,213,290,232,243,140,86,52,19,8,0,0
"Moški",Vipava,2948,519,1865,564,160,168,191,160,127,131,214,217,206,233,205,194,178,185,153,95,70,41,14,6,0
"Moški",Vitanje,1195,196,786,213,59,64,73,45,56,74,71,91,88,91,90,104,76,76,65,40,21,8,3,0,0
"Moški",Vodice,2627,473,1753,401,116,182,175,174,131,168,151,157,196,205,230,192,149,156,77,62,66,30,8,2,0
"Moški",Vojnik,4642,734,3058,850,245,232,257,243,204,258,311,327,346,347,326,349,347,255,255,168,106,57,7,2,0
"Moški",Vransko,1370,235,890,245,76,72,87,77,59,80,86,96,79,109,99,91,114,93,68,41,27,14,2,0,0
"Moški",Vrhnika,9130,1541,6041,1548,426,538,577,492,448,529,579,624,765,750,679,639,536,521,426,274,182,102,38,4,1
"Moški",Vuzenica,1345,212,857,276,68,79,65,47,53,64,83,106,112,95,95,97,105,107,81,39,31,12,6,0,0
"Moški",Zagorje ob Savi,8283,1308,5355,1620,391,438,479,392,394,447,517,553,684,582,555,610,621,559,457,258,211,98,33,4,0
"Moški",Zavrč,802,71,610,121,21,22,28,46,39,53,58,60,70,72,74,74,64,47,36,21,15,1,1,0,0
"Moški",Zreče,3430,496,2339,595,172,173,151,156,190,216,229,245,263,277,259,282,222,224,168,101,68,27,7,0,0
"Moški",Žalec,10996,1580,7236,2180,460,541,579,522,485,622,677,769,966,880,757,786,772,766,592,405,268,105,37,7,0
"Moški",Železniki,3468,601,2300,567,199,203,199,221,185,202,224,250,237,231,239,264,247,201,134,92,75,40,19,6,0
"Moški",Žetale,689,103,461,125,35,34,34,29,28,29,56,58,50,51,48,58,54,52,32,17,18,3,3,0,0
"Moški",Žiri,2565,452,1671,442,152,139,161,142,130,152,181,186,184,181,186,171,158,144,128,68,59,31,11,1,0
"Moški",Žirovnica,2276,374,1416,486,114,135,125,110,94,128,145,142,160,170,149,168,150,138,128,91,76,39,14,0,0
"Moški",Žužemberk,2388,422,1606,360,140,151,131,122,92,160,164,166,178,175,168,205,176,143,105,61,27,16,7,1,0
"Ženske",SLOVENIJA,1054303,152857,643307,258139,45697,51689,55471,49251,47905,51336,57575,67937,74990,74988,70779,75681,72865,71230,63237,44858,38630,25263,11898,2712,311
"Ženske",Ajdovščina,9684,1634,5789,2261,505,554,575,462,329,525,595,615,653,719,607,669,615,677,558,329,337,237,94,26,3
"Ženske",Ankaran/Ancarano,1732,196,1083,453,45,72,79,69,59,72,82,118,139,127,124,148,145,133,141,67,64,33,13,2,0
"Ženske",Apače,1792,253,1121,418,61,92,100,70,70,68,94,129,143,127,128,137,155,132,109,72,53,31,14,6,1
"Ženske",Beltinci,4015,512,2511,992,153,183,176,180,155,197,226,241,267,344,284,310,307,285,235,202,157,74,33,6,0
"Ženske",Benedikt,1356,227,914,215,72,85,70,93,60,83,94,92,105,112,86,94,95,78,50,28,30,18,10,1,0
"Ženske",Bistrica ob Sotli,669,78,418,173,22,27,29,38,24,31,31,37,52,50,56,49,50,49,48,32,21,13,7,2,1
"Ženske",Bled,4117,517,2386,1214,145,182,190,167,160,186,206,247,268,307,286,314,245,308,321,242,181,98,48,13,3
"Ženske",Bloke,736,105,446,185,41,32,32,26,21,38,46,46,38,56,41,71,63,47,47,27,28,25,10,1,0
"Ženske",Bohinj,2568,338,1507,723,104,127,107,115,101,124,135,131,183,155,173,205,185,188,174,129,101,78,44,8,1
"Ženske",Borovnica,2306,426,1425,455,123,149,154,96,96,121,139,164,172,170,151,160,156,144,106,76,70,34,23,2,0
"Ženske",Bovec,1513,147,900,466,36,51,60,58,39,76,88,104,89,106,103,106,131,125,104,89,75,43,22,7,1
"Ženske",Braslovče,2813,433,1706,674,113,167,153,133,90,123,122,213,206,205,206,200,208,191,179,121,93,60,22,8,0
"Ženske",Brda,2792,395,1639,758,121,130,144,116,76,110,148,176,194,209,179,212,219,191,190,105,108,89,60,14,1
"Ženske",Brezovica,6532,1086,4086,1360,288,355,443,382,304,305,344,436,492,518,451,438,416,333,334,225,215,155,79,18,1
"Ženske",Brežice,12067,1598,7201,3268,483,511,604,546,440,516,636,719,838,910,812,912,872,939,811,566,448,332,142,29,1
"Ženske",Cankova,868,112,541,215,44,27,41,34,33,50,40,56,48,67,61,86,66,67,62,31,24,16,14,1,0
"Ženske",Celje,24530,3453,14848,6229,971,1162,1320,1123,856,1145,1336,1648,1793,1781,1562,1802,1802,1718,1485,1171,899,609,276,70,1
"Ženske",Cerklje na Gorenjskem,3914,630,2445,839,208,184,238,209,197,204,223,255,270,282,312,271,222,218,173,133,125,116,53,17,4
"Ženske",Cerknica,5755,914,3497,1344,271,281,362,291,195,297,346,366,388,398,378,433,405,341,300,197,245,169,72,18,2
"Ženske",Cerkno,2165,324,1265,576,91,107,126,115,48,101,117,120,131,156,144,170,163,187,148,80,92,41,23,4,1
"Ženske",Cerkvenjak,1008,166,642,200,54,51,61,27,41,66,66,75,82,74,73,72,66,71,49,33,30,11,6,0,0
"Ženske",Cirkulane,1053,125,672,256,31,40,54,61,43,48,49,68,81,67,75,94,86,85,63,44,35,26,3,0,0
"Ženske",Črenšovci,1967,285,1177,505,73,104,108,98,74,95,108,111,144,158,127,117,145,173,141,92,51,33,11,2,2
"Ženske",Črna na Koroškem,1541,212,917,412,60,84,68,61,55,76,71,86,95,100,111,137,125,143,78,72,64,38,16,1,0
"Ženske",Črnomelj,6980,1021,4092,1867,308,362,351,309,230,313,366,455,460,466,407,520,566,569,473,280,233,204,94,13,1
"Ženske",Destrnik,1281,178,821,282,50,65,63,67,46,69,70,92,103,106,81,88,99,96,73,49,45,13,5,1,0
"Ženske",Divača,2125,318,1322,485,98,104,116,91,50,94,140,146,177,154,137,166,167,142,124,70,77,48,20,2,2
"Ženske",Dobje,496,81,309,106,23,33,25,33,12,36,14,42,30,36,40,41,25,32,22,24,20,5,2,1,0
"Ženske",Dobrepolje,1887,283,1182,422,94,89,100,86,98,97,111,119,132,98,122,160,159,101,91,68,64,60,28,10,0
"Ženske",Dobrna,1110,194,688,228,63,64,67,41,47,55,65,79,80,73,79,97,72,77,59,33,30,18,10,1,0
"Ženske",Dobrova - Polhov Gradec,3955,672,2479,804,190,237,245,226,203,212,214,217,286,293,329,272,227,206,194,149,126,85,36,8,0
"Ženske",Dobrovnik/Dobronak,639,89,382,168,27,30,32,32,18,18,27,45,45,57,45,47,48,49,52,30,14,18,4,1,0
"Ženske",Dol pri Ljubljani,3208,543,2070,595,143,198,202,186,147,159,195,230,244,274,203,212,220,179,153,116,82,43,17,5,0
"Ženske",Dolenjske Toplice,1766,274,1100,392,85,83,106,92,69,83,106,111,116,137,111,138,137,138,75,73,58,29,16,3,0
"Ženske",Domžale,18902,3072,11858,3972,940,1008,1124,945,896,951,1115,1295,1360,1428,1435,1320,1113,1084,928,754,597,386,184,35,4
"Ženske",Dornava,1406,196,915,295,52,65,79,71,57,56,85,81,102,126,115,113,109,82,77,56,41,30,7,1,1
"Ženske",Dravograd,4387,660,2567,1160,208,224,228,185,140,238,231,240,263,293,318,340,319,283,240,208,180,154,77,17,1
"Ženske",Duplek,3537,528,2231,778,131,200,197,157,142,145,218,228,261,255,262,299,264,255,196,135,115,56,18,3,0
"Ženske",Gorenja vas - Poljane,3771,799,2297,675,244,264,291,214,189,236,208,246,236,236,240,259,233,188,150,111,104,75,33,13,1
"Ženske",Gorišnica,2025,293,1248,484,89,107,97,93,82,90,116,146,148,143,133,158,139,121,106,87,79,59,22,9,1
"Ženske",Gorje,1396,201,847,348,65,71,65,69,47,74,76,92,105,90,100,95,99,91,90,63,57,32,12,3,0
"Ženske",Gornja Radgona,4212,517,2591,1104,137,200,180,167,140,187,219,264,330,278,331,342,333,287,289,196,183,99,41,9,0
"Ženske",Gornji Grad,1287,164,710,413,53,50,61,59,48,68,55,60,80,92,76,78,94,102,80,56,52,66,47,10,0
"Ženske",Gornji Petrovci,1005,100,568,337,32,34,34,30,38,36,49,69,66,62,80,71,67,112,94,42,52,21,12,3,1
"Ženske",Grad,998,136,594,268,50,42,44,34,39,51,44,59,63,81,76,67,80,65,83,48,40,27,4,1,0
"Ženske",Grosuplje,10569,1868,6622,2079,573,624,671,605,515,522,627,694,798,837,696,710,618,596,529,355,287,202,85,22,3
"Ženske",Hajdina,1894,296,1117,481,79,96,121,88,66,66,93,121,150,130,148,122,133,147,119,89,66,42,17,1,0
"Ženske",Hoče - Slivnica,5808,855,3458,1495,234,315,306,258,220,248,285,355,418,399,430,431,414,415,340,274,250,146,59,11,0
"Ženske",Hodoš/Hodos,175,22,97,56,8,11,3,6,6,5,7,12,12,9,9,12,19,14,18,5,8,8,2,1,0
"Ženske",Horjul,1504,250,859,395,69,95,86,82,68,69,94,91,98,83,94,89,91,75,85,48,73,72,32,8,2
"Ženske",Hrastnik,4488,518,2679,1291,156,175,187,186,144,195,216,281,287,298,291,365,416,381,307,208,207,117,55,13,3
"Ženske",Hrpelje - Kozina,2463,370,1522,571,109,120,141,105,75,107,153,189,189,189,161,176,178,162,158,96,83,51,18,2,1
"Ženske",Idrija,5797,828,3308,1661,227,274,327,267,198,249,293,327,371,376,424,392,411,380,434,266,265,182,101,32,1
"Ženske",Ig,3817,676,2363,778,171,246,259,201,144,173,225,273,322,280,243,258,244,251,220,112,110,60,23,2,0
"Ženske",Ilirska Bistrica,6560,888,3726,1946,257,308,323,283,195,222,318,411,461,442,431,485,478,531,488,305,308,185,96,31,2
"Ženske",Ivančna Gorica,8667,1555,5535,1577,469,546,540,455,386,460,603,625,607,654,562,647,536,493,371,234,242,151,71,15,0
"Ženske",Izola/Isola,8234,1081,4769,2384,312,347,422,344,277,333,390,508,597,590,493,579,658,708,586,354,339,255,115,23,4
"Ženske",Jesenice,10641,1464,6437,2740,452,493,519,522,452,499,619,695,762,721,619,766,782,901,688,442,359,222,97,30,1
"Ženske",Jezersko,324,57,192,75,20,16,21,12,11,13,21,22,15,26,23,22,27,20,25,10,9,8,3,0,0
"Ženske",Juršinci,1200,167,698,335,59,49,59,59,37,55,65,78,78,87,80,83,76,74,70,53,59,51,21,7,0
"Ženske",Kamnik,15095,2480,9242,3373,721,811,948,739,681,714,807,1034,1058,1106,1013,1042,1048,1017,849,510,476,332,153,32,4
"Ženske",Kanal,2518,326,1461,731,93,92,141,96,74,88,108,155,181,168,188,206,197,197,171,117,121,78,37,8,2
"Ženske",Kidričevo,3332,497,2057,778,157,153,187,164,114,157,167,228,244,242,236,259,246,225,184,135,112,78,37,7,0
"Ženske",Kobarid,1973,250,1194,529,50,97,103,85,70,76,96,127,146,135,135,168,156,139,136,79,83,59,29,3,1
"Ženske",Kobilje,257,30,155,72,5,12,13,6,9,12,14,13,18,20,15,30,18,19,19,11,12,7,2,2,0
"Ženske",Kočevje,7791,1100,4588,2103,324,367,409,326,315,329,413,496,568,510,470,538,623,660,522,291,282,212,111,24,1
"Ženske",Komen,1746,225,1038,483,57,79,89,80,47,60,75,96,128,136,140,143,133,143,122,79,70,49,16,4,0
"Ženske",Komenda,3295,643,2094,558,187,220,236,208,156,168,181,223,304,268,227,203,156,174,133,88,99,40,21,3,0
"Ženske",Koper/Capodistria,27224,3770,16686,6768,1075,1277,1418,1251,1397,1196,1457,1781,2070,2085,1824,1807,1818,1907,1687,1133,986,664,313,69,9
"Ženske",Kostanjevica na Krki,1206,167,748,291,39,56,72,69,34,50,72,85,75,86,80,106,91,82,69,56,42,32,7,2,1
"Ženske",Kostel,292,21,168,103,5,7,9,12,6,12,9,15,15,23,18,30,28,22,30,20,18,8,5,0,0
"Ženske",Kozje,1474,195,911,368,65,67,63,81,40,69,63,88,97,109,110,145,109,98,92,67,47,42,18,4,0
"Ženske",Kranj,28403,4267,17373,6763,1209,1478,1580,1389,1223,1360,1600,1946,2027,2036,1913,1980,1899,1795,1603,1265,1038,683,310,59,10
"Ženske",Kranjska Gora,2602,278,1447,877,88,97,93,107,72,86,119,143,164,181,168,205,202,228,229,153,118,90,43,15,1
"Ženske",Križevci,1710,216,1035,459,73,61,82,80,49,83,98,99,114,126,144,119,123,130,117,76,68,43,20,5,0
"Ženske",Krško,12762,2050,7664,3048,638,692,720,598,471,606,690,848,892,849,853,920,937,905,722,507,414,316,151,30,3
"Ženske",Kungota,2396,329,1501,566,102,93,134,128,77,102,110,156,184,210,175,183,176,177,156,97,78,45,11,2,0
"Ženske",Kuzma,822,101,484,237,30,43,28,36,26,36,39,56,48,71,59,59,54,37,68,51,34,29,12,6,0
"Ženske",Laško,6545,931,3939,1675,290,295,346,281,227,302,327,430,438,437,461,503,533,433,404,318,249,171,80,20,0
"Ženske",Lenart,4280,607,2566,1107,188,215,204,194,156,210,224,260,293,309,304,329,287,284,253,217,161,91,79,22,0
"Ženske",Lendava/Lendva,5121,602,2990,1529,188,213,201,187,137,214,239,307,330,373,355,397,451,466,399,270,194,123,64,13,0
"Ženske",Litija,7795,1189,4856,1750,335,424,430,371,333,387,442,532,578,517,521,612,563,545,437,291,249,146,65,16,1
"Ženske",Ljubljana,153088,20605,96825,35658,6275,6897,7433,6997,11673,8763,8821,10332,11244,10511,9661,9776,9047,9054,8741,6395,5497,3611,1818,475,67
"Ženske",Ljubno,1258,214,760,284,65,71,78,44,51,57,79,80,79,80,89,100,101,84,74,43,42,26,12,2,1
"Ženske",Ljutomer,5547,698,3249,1600,214,214,270,278,196,246,247,321,374,401,396,411,379,432,378,283,249,165,81,9,3
"Ženske",Log - Dragomer,1879,252,1135,492,70,100,82,99,98,92,106,109,107,157,133,119,115,99,147,132,71,35,8,0,0
"Ženske",Logatec,7330,1269,4590,1471,353,444,472,398,329,412,442,497,530,527,476,544,435,401,308,209,228,203,94,26,2
"Ženske",Loška dolina,1690,224,1004,462,61,76,87,87,77,71,75,81,96,128,136,130,123,107,108,90,86,54,15,2,0
"Ženske",Loški Potok,872,133,507,232,36,55,42,43,31,37,42,54,57,54,54,73,62,66,38,33,47,32,13,3,0
"Ženske",Lovrenc na Pohorju,1429,210,854,365,60,73,77,52,69,50,64,83,105,104,109,107,111,120,101,67,39,26,9,2,1
"Ženske",Luče,702,105,411,186,36,38,31,36,21,42,42,40,36,48,46,64,36,56,38,29,37,20,5,0,1
"Ženske",Lukovica,2988,583,1880,525,162,218,203,149,134,162,204,195,225,222,220,203,166,155,136,89,56,59,27,3,0
"Ženske",Majšperk,1924,277,1206,441,97,70,110,79,70,84,121,126,108,153,132,176,157,135,104,75,68,35,21,3,0
"Ženske",Makole,999,132,642,225,39,42,51,46,51,43,59,64,84,69,70,75,81,78,49,41,31,17,7,2,0
"Ženske",Maribor,56584,7039,33823,15722,2199,2393,2447,2445,3446,2763,3020,3481,3820,3635,3540,3848,3825,3927,3836,2987,2489,1537,748,165,33
"Ženske",Markovci,2017,307,1251,459,94,102,111,100,66,100,124,122,150,137,144,168,140,126,99,90,75,46,18,5,0
"Ženske",Medvode,8559,1365,5166,2028,385,479,501,382,385,419,460,539,594,608,633,634,512,537,437,359,320,223,117,32,3
"Ženske",Mengeš,4308,680,2636,992,210,209,261,208,184,189,274,297,349,304,281,299,251,232,213,161,168,125,83,10,0
"Ženske",Metlika,4110,597,2394,1119,206,194,197,194,131,188,223,225,260,302,278,306,287,311,274,192,158,118,54,10,2
"Ženske",Mežica,1741,255,1004,482,90,78,87,76,74,79,82,104,114,124,109,122,120,153,98,99,81,30,20,1,0
"Ženske",Miklavž na Dravskem polju,3429,507,2092,830,144,188,175,171,119,144,166,233,264,264,247,245,239,210,224,174,113,81,26,2,0
"Ženske",Miren - Kostanjevica,2449,355,1474,620,93,114,148,104,71,98,138,138,202,186,187,177,173,187,154,98,103,46,25,5,2
"Ženske",Mirna,1343,227,846,270,68,82,77,61,39,77,96,101,88,93,76,115,100,89,62,51,37,18,11,2,0
"Ženske",Mirna Peč,1528,275,956,297,86,91,98,68,64,76,105,112,106,99,95,110,121,107,73,32,44,23,13,5,0
"Ženske",Mislinja,2283,367,1374,542,126,113,128,115,83,107,119,136,152,166,165,181,150,165,151,103,76,37,9,1,0
"Ženske",Mokronog - Trebelno,1590,281,981,328,92,87,102,87,59,78,103,82,132,103,115,102,120,91,84,62,39,31,15,5,1
"Ženske",Moravče,2810,501,1811,498,154,168,179,161,166,182,155,186,198,211,199,204,149,153,131,83,60,46,18,7,0
"Ženske",Moravske Toplice,2962,355,1763,844,110,122,123,121,85,131,128,164,207,211,259,229,228,244,231,141,114,73,32,9,0
"Ženske",Mozirje,2263,329,1413,521,102,113,114,113,92,149,124,145,163,162,167,167,131,150,135,102,81,42,8,3,0
"Ženske",Murska Sobota,9610,1089,5551,2970,300,372,417,402,272,407,440,520,662,742,672,724,710,797,787,534,430,270,121,28,3
"Ženske",Muta,1660,238,1009,413,72,83,83,91,59,73,76,119,104,131,123,132,101,137,116,67,56,25,12,0,0
"Ženske",Naklo,2726,435,1640,651,126,137,172,139,130,162,138,146,182,191,216,173,163,164,145,117,106,75,37,5,2
"Ženske",Nazarje,1296,199,810,287,64,63,72,58,46,67,70,81,102,94,100,109,83,93,61,57,33,33,9,1,0
"Ženske",Nova Gorica,15964,2133,9298,4533,615,709,809,747,538,692,780,910,1105,1211,1133,1111,1071,1134,1141,687,768,494,234,69,6
"Ženske",Novo mesto,19008,3089,11570,4349,1010,1029,1050,933,784,976,1090,1280,1348,1312,1218,1381,1248,1201,1030,736,691,428,220,41,2
"Ženske",Odranci,801,123,502,176,40,40,43,33,41,40,48,68,55,47,53,51,66,44,48,38,33,12,1,0,0
"Ženske",Oplotnica,2029,332,1285,412,101,100,131,89,79,89,121,175,135,156,124,156,161,113,122,69,61,29,16,2,0
"Ženske",Ormož,5842,706,3539,1597,221,230,255,263,206,281,293,340,382,427,447,469,431,425,388,289,252,158,74,11,0
"Ženske",Osilnica,158,12,82,64,6,3,3,3,4,6,5,7,10,6,12,12,17,19,13,11,7,8,6,0,0
"Ženske",Pesnica,3657,475,2190,992,134,144,197,150,162,159,176,198,255,259,269,277,285,274,234,172,159,100,41,11,1
"Ženske",Piran/Pirano,9117,1008,5477,2632,293,323,392,331,395,440,439,540,678,648,596,692,718,705,704,432,367,251,142,24,7
"Ženske",Pivka,2944,446,1783,715,131,149,166,137,111,127,156,189,221,231,197,207,207,195,199,116,108,70,21,5,1
"Ženske",Podčetrtek,1731,280,1063,388,90,95,95,72,49,86,115,112,119,129,117,122,142,134,101,60,55,26,12,0,0
"Ženske",Podlehnik,885,107,561,217,33,41,33,33,38,37,47,54,58,58,64,93,79,72,48,37,36,17,5,2,0
"Ženske",Podvelka,1106,136,669,301,37,47,52,56,40,45,54,67,76,72,88,97,74,95,80,49,42,23,11,1,0
"Ženske",Poljčane,2252,289,1289,674,88,93,108,93,85,87,116,115,156,161,154,163,159,171,157,104,111,74,47,8,2
"Ženske",Polzela,3244,480,1966,798,134,177,169,164,119,142,174,184,264,242,236,247,194,203,174,159,118,81,49,9,5
"Ženske",Postojna,8389,1377,5077,1935,409,470,498,421,322,386,449,614,641,621,514,578,531,563,490,325,251,187,83,31,5
"Ženske",Prebold,2650,388,1593,669,111,131,146,110,68,96,163,192,213,199,163,193,196,206,138,115,96,72,36,3,3
"Ženske",Preddvor,1971,318,1174,479,91,101,126,98,85,101,107,130,126,144,141,126,116,102,98,77,76,70,46,8,2
"Ženske",Prevalje,3391,481,1956,954,138,181,162,158,112,156,173,200,210,240,188,264,255,254,198,158,178,97,55,10,4
"Ženske",Ptuj,11684,1532,6960,3192,469,525,538,472,376,531,557,717,853,829,854,905,866,810,768,597,510,322,150,33,2
"Ženske",Puconci,3024,413,1804,807,130,123,160,147,90,135,167,162,227,232,206,215,223,235,210,135,116,66,35,9,1
"Ženske",Rače - Fram,3958,636,2461,861,192,238,206,184,140,182,213,313,307,314,263,264,281,263,215,168,127,56,27,5,0
"Ženske",Radeče,2073,279,1271,523,68,111,100,93,76,88,110,115,139,135,146,196,173,148,132,105,80,37,16,4,1
"Ženske",Radenci,2611,315,1450,846,96,121,98,99,86,113,113,133,177,179,177,186,187,218,212,158,130,79,43,6,0
"Ženske",Radlje ob Dravi,3050,419,1845,786,116,149,154,141,127,141,159,211,185,226,211,232,212,213,178,129,138,80,40,8,0
"Ženske",Radovljica,9865,1371,5873,2621,402,454,515,500,343,428,530,628,707,714,683,678,662,666,612,458,421,262,145,53,4
"Ženske",Ravne na Koroškem,5409,731,3230,1448,211,249,271,228,163,248,250,355,358,400,362,423,443,462,362,278,204,98,37,6,1
"Ženske",Razkrižje,606,87,353,166,24,28,35,26,25,28,25,36,46,39,45,44,39,47,42,29,32,10,6,0,0
"Ženske",Rečica ob Savinji,1058,144,638,276,44,46,54,42,35,53,51,56,84,78,76,89,74,96,70,38,48,12,9,2,1
"Ženske",Renče - Vogrsko,2173,312,1245,616,72,116,124,93,57,87,106,128,161,147,143,166,157,157,170,87,78,75,35,14,0
"Ženske",Ribnica,4798,835,2878,1085,264,299,272,227,173,280,311,309,295,280,315,362,326,325,211,171,181,132,46,18,1
"Ženske",Ribnica na Pohorju,550,79,335,136,22,28,29,25,19,19,27,32,41,41,32,51,48,36,37,24,21,12,5,0,1
"Ženske",Rogaška Slatina,5604,756,3457,1391,220,250,286,264,218,270,295,336,377,436,411,436,414,398,343,271,209,111,44,14,1
"Ženske",Rogašovci,1526,210,956,360,64,77,69,62,68,74,90,95,112,122,98,121,114,99,83,78,50,31,15,4,0
"Ženske",Rogatec,1455,197,916,342,65,63,69,70,38,87,68,83,99,102,135,125,109,100,96,66,37,30,12,0,1
"Ženske",Ruše,3472,435,2139,898,134,144,157,162,117,163,168,225,230,258,257,286,273,265,226,185,129,73,17,1,2
"Ženske",Selnica ob Dravi,2163,255,1364,544,77,84,94,91,85,109,126,142,134,138,167,197,175,153,141,103,91,37,16,3,0
"Ženske",Semič,1862,288,1105,469,93,98,97,78,53,79,99,120,128,121,112,152,163,157,130,66,57,44,14,1,0
"Ženske",Sevnica,8635,1258,5122,2255,417,412,429,373,324,427,463,519,531,549,578,681,677,611,549,384,328,243,114,23,3
"Ženske",Sežana,6834,968,4014,1852,277,308,383,305,208,289,352,403,532,508,460,470,487,500,482,269,273,190,101,35,2
"Ženske",Slovenj Gradec,8445,1289,5123,2033,388,445,456,393,319,375,441,533,566,616,606,622,652,634,473,368,278,195,64,19,2
"Ženske",Slovenska Bistrica,12974,1946,8057,2971,565,651,730,633,518,618,716,843,956,992,937,939,905,890,747,519,442,252,102,16,3
"Ženske",Slovenske Konjice,7388,1176,4568,1644,355,375,446,329,269,366,414,502,538,549,526,558,517,490,385,304,241,143,68,13,0
"Ženske",Sodražica,1107,215,631,261,60,79,76,52,40,40,70,76,70,74,63,72,74,76,57,41,41,29,15,2,0
"Ženske",Solčava,256,35,148,73,7,12,16,12,7,10,7,13,20,14,21,20,24,19,14,10,15,11,4,0,0
"Ženske",Središče ob Dravi,954,122,545,287,33,43,46,32,22,35,51,51,66,71,52,80,85,85,64,42,48,38,7,3,0
"Ženske",Starše,2052,265,1293,494,75,94,96,110,89,103,88,123,152,146,149,154,179,140,120,85,83,39,23,4,0
"Ženske",Straža,1883,292,1147,444,92,101,99,100,81,98,93,118,138,109,129,132,149,157,107,72,57,33,16,2,0
"Ženske",Sveta Ana,1158,179,744,235,60,58,61,50,59,64,69,84,90,74,77,96,81,57,71,39,39,21,6,2,0
"Ženske",Sveta Trojica v Slov. goricah,1072,157,704,211,63,50,44,41,36,54,89,67,64,84,80,106,83,61,51,34,29,27,8,0,1
"Ženske",Sveti Andraž v Slov. goricah,564,94,355,115,28,34,32,25,17,36,36,34,51,37,43,39,37,35,30,16,20,8,5,1,0
"Ženske",Sveti Jurij ob Ščavnici,1390,217,875,298,60,71,86,84,50,68,65,92,112,97,95,120,92,79,79,53,48,28,9,1,1
"Ženske",Sveti Jurij v Slov. goricah,1052,148,658,246,47,55,46,54,55,57,62,63,60,67,104,64,72,66,57,49,34,26,11,1,2
"Ženske",Sveti Tomaž,985,127,615,243,40,38,49,47,42,42,50,55,79,60,81,81,78,71,54,39,51,20,7,1,0
"Ženske",Šalovci,654,59,362,233,19,21,19,18,19,24,26,42,35,53,52,58,35,64,63,36,41,18,10,1,0
"Ženske",Šempeter - Vrtojba,3073,423,1746,904,113,147,163,123,86,118,147,174,213,240,217,194,234,239,229,159,137,83,48,8,1
"Ženske",Šenčur,4367,702,2757,908,219,238,245,261,209,235,239,273,305,356,322,308,249,237,231,165,143,89,34,8,1
"Ženske",Šentilj,4201,583,2631,987,177,201,205,189,184,193,226,268,306,319,312,314,320,328,257,173,123,71,29,5,1
"Ženske",Šentjernej,3582,647,2210,725,207,229,211,181,154,166,241,259,237,222,219,268,263,216,166,113,111,78,35,5,1
"Ženske",Šentjur,9627,1442,5940,2245,460,496,486,457,355,496,521,601,716,709,645,716,724,635,598,410,297,198,92,15,0
"Ženske",Šentrupert,1216,193,761,262,63,65,65,66,51,70,83,55,99,82,89,80,86,80,70,39,41,22,10,0,0
"Ženske",Škocjan,1650,294,1065,291,93,94,107,97,71,95,104,109,127,119,114,106,123,103,67,40,40,27,9,4,1
"Ženske",Škofja Loka,11996,1934,7274,2788,602,638,694,628,603,575,675,792,877,764,771,798,791,714,630,514,421,290,179,36,4
"Ženske",Škofljica,5899,1042,3670,1187,284,349,409,322,269,271,317,417,495,448,423,387,321,346,317,206,160,99,48,8,3
"Ženske",Šmarje pri Jelšah,5239,823,3211,1205,252,253,318,277,184,252,294,341,378,369,359,401,356,323,283,203,200,123,52,21,0
"Ženske",Šmarješke Toplice,1768,270,1100,398,91,77,102,94,64,81,93,127,143,117,110,135,136,117,84,56,63,47,26,4,1
"Ženske",Šmartno ob Paki,1644,240,1038,366,80,80,80,85,66,76,99,105,109,131,103,131,133,124,97,60,44,26,14,1,0
"Ženske",Šmartno pri Litiji,2835,475,1701,659,152,162,161,114,110,170,154,201,186,199,167,199,201,180,149,115,92,83,34,4,2
"Ženske",Šoštanj,4465,624,2709,1132,197,209,218,211,193,230,222,282,293,312,283,339,344,286,218,198,191,144,76,19,0
"Ženske",Štore,2162,300,1255,607,94,107,99,100,72,83,118,132,158,143,125,152,172,140,140,111,100,71,32,13,0
"Ženske",Tabor,863,171,531,161,61,56,54,36,27,48,66,55,65,62,63,61,48,52,28,28,24,24,3,1,1
"Ženske",Tišina,1968,244,1215,509,61,85,98,98,82,78,110,101,144,158,151,150,143,155,137,84,62,46,21,4,0
"Ženske",Tolmin,5373,720,3000,1653,192,260,268,231,139,203,253,308,317,375,377,391,406,426,388,246,265,201,99,28,0
"Ženske",Trbovlje,8063,1007,4725,2331,275,369,363,275,256,354,428,491,557,521,476,657,710,674,580,422,341,173,119,22,0
"Ženske",Trebnje,6538,1210,4036,1292,386,429,395,308,290,326,407,462,471,468,382,466,456,358,272,197,202,170,80,12,1
"Ženske",Trnovska vas,685,117,449,119,36,35,46,30,26,45,30,57,62,52,39,58,50,39,32,17,18,11,2,0,0
"Ženske",Trzin,2020,300,1189,531,84,93,123,105,96,92,82,119,146,175,149,118,107,124,136,131,69,46,18,7,0
"Ženske",Tržič,7503,1088,4431,1984,338,361,389,319,290,355,353,487,512,505,507,549,554,544,517,328,296,196,81,20,2
"Ženske",Turnišče,1565,185,995,385,46,66,73,67,50,72,85,99,127,129,109,127,130,123,104,56,50,39,11,2,0
"Ženske",Velenje,16418,2567,10141,3710,766,875,926,771,612,795,881,1160,1187,1171,966,1230,1368,1282,982,630,460,268,73,12,3
"Ženske",Velika Polana,688,75,419,194,20,31,24,38,14,35,25,42,58,49,63,55,40,54,44,35,34,19,7,0,1
"Ženske",Velike Lašče,2198,373,1343,482,114,139,120,106,97,104,131,144,166,136,144,149,166,126,128,92,59,44,22,10,1
"Ženske",Veržej,680,79,407,194,24,21,34,24,25,38,31,35,42,45,61,56,50,48,53,36,32,17,6,2,0
"Ženske",Videm,2610,396,1645,569,116,132,148,96,71,127,153,175,202,184,208,213,216,193,164,87,64,40,17,4,0
"Ženske",Vipava,2924,496,1739,689,153,160,183,158,105,162,176,159,206,212,199,196,166,161,175,109,108,85,42,9,0
"Ženske",Vitanje,1067,164,658,245,51,57,56,62,47,48,67,66,55,72,73,75,93,73,67,45,40,12,7,1,0
"Ženske",Vodice,2561,437,1678,446,128,150,159,168,147,103,148,167,193,203,188,201,160,126,116,84,65,42,10,3,0
"Ženske",Vojnik,4523,661,2773,1089,185,250,226,216,188,202,272,280,317,333,294,369,302,285,236,215,160,122,56,12,3
"Ženske",Vransko,1339,204,843,292,69,73,62,69,51,80,77,86,96,104,94,100,86,71,76,55,40,29,19,2,0
"Ženske",Vrhnika,8947,1444,5561,1942,441,482,521,499,389,458,492,614,654,684,598,604,569,514,482,326,266,214,115,22,3
"Ženske",Vuzenica,1299,190,816,293,54,73,63,55,55,56,73,93,75,100,105,101,103,104,63,52,31,31,10,2,0
"Ženske",Zagorje ob Savi,8235,1152,5025,2058,340,384,428,387,330,384,445,557,536,599,524,621,642,603,492,338,307,188,100,29,1
"Ženske",Zavrč,680,86,446,148,37,23,26,33,32,36,35,33,55,54,62,52,54,48,35,22,25,11,5,2,0
"Ženske",Zreče,3203,487,2049,667,164,175,148,158,132,185,186,204,224,236,235,256,233,200,186,110,91,63,15,2,0
"Ženske",Žalec,10714,1544,6480,2690,421,523,600,524,368,518,540,613,829,724,762,779,823,773,685,517,398,225,75,13,4
"Ženske",Železniki,3185,539,1951,695,166,192,181,163,152,169,184,210,202,206,211,236,218,192,159,116,109,77,36,5,1
"Ženske",Žetale,593,81,388,124,16,31,34,17,22,23,37,42,41,40,51,47,68,34,33,18,17,12,9,1,0
"Ženske",Žiri,2506,392,1529,585,124,125,143,132,91,150,154,168,160,158,170,166,180,126,155,94,90,73,36,10,1
"Ženske",Žirovnica,2235,310,1344,581,95,116,99,107,87,88,140,147,134,165,153,184,139,156,137,112,99,47,25,5,0
"Ženske",Žužemberk,2293,368,1475,450,119,128,121,119,98,118,150,156,154,173,155,193,159,132,107,66,64,43,31,7,0
